Crop_id,Crop,Crop_Year,Season,State_id,Area,Production,Annual_Rainfall,Fertilizer,Pesticide,Yield
1,Arecanut,1997,Whole Year ,Assam,73814,56708,2051.4,7024878.38,22882.34,0.796086957
2,Arhar/Tur,1997,Kharif     ,Assam,6637,4685,2051.4,631643.29,2057.47,0.710434783
3,Castor seed,1997,Kharif     ,Assam,796,22,2051.4,75755.32,246.76,0.238333333
4,Coconut ,1997,Whole Year ,Assam,19656,126905000,2051.4,1870661.52,6093.36,5238.051739
5,Cotton(lint),1997,Kharif     ,Assam,1739,794,2051.4,165500.63,539.09,0.420909091
6,Dry chillies,1997,Whole Year ,Assam,13587,9073,2051.4,1293074.79,4211.97,0.643636364
7,Gram,1997,Rabi       ,Assam,2979,1507,2051.4,283511.43,923.49,0.465454545
8,Jute,1997,Kharif     ,Assam,94520,904095,2051.4,8995468.4,29301.2,9.919565217
9,Linseed,1997,Rabi       ,Assam,10098,5158,2051.4,961026.66,3130.38,0.461363636
10,Maize,1997,Kharif     ,Assam,19216,14721,2051.4,1828786.72,5956.96,0.615652174
11,Mesta,1997,Kharif     ,Assam,5915,29003,2051.4,562930.55,1833.65,4.568947368
12,Niger seed,1997,Whole Year ,Assam,9914,5076,2051.4,943515.38,3073.34,0.482352941
13,Onion,1997,Whole Year ,Assam,7832,17943,2051.4,745371.44,2427.92,2.342608696
14,Other  Rabi pulses,1997,Rabi       ,Assam,108297,58272,2051.4,10306625.49,33572.07,0.520869565
15,Potato,1997,Whole Year ,Assam,75259,671871,2051.4,7162399.03,23330.29,7.561304348
16,Rapeseed &Mustard,1997,Rabi       ,Assam,279292,154772,2051.4,26580219.64,86580.52,0.554782609
17,Rice,1997,Autumn     ,Assam,607358,398311,2051.4,57802260.86,188280.98,0.780869565
18,Rice,1997,Summer     ,Assam,174974,209623,2051.4,16652275.58,54241.94,1.060434783
19,Rice,1997,Winter     ,Assam,1743321,1647296,2051.4,165911859.6,540429.51,0.941304348
20,Sesamum,1997,Whole Year ,Assam,15765,8257,2051.4,1500355.05,4887.15,0.487391304
21,Small millets,1997,Kharif     ,Assam,10490,5391,2051.4,998333.3,3251.9,0.473
22,Sugarcane,1997,Kharif     ,Assam,31318,1287451,2051.4,2980534.06,9708.58,41.89695652
23,Sweet potato,1997,Whole Year ,Assam,9380,32618,2051.4,892694.6,2907.8,3.440434783
24,Tapioca,1997,Whole Year ,Assam,2465,11728,2051.4,234594.05,764.15,4.41826087
25,Tobacco,1997,Whole Year ,Assam,433,26,2051.4,41208.61,134.23,0.38
26,Turmeric,1997,Whole Year ,Assam,10071,6974,2051.4,958457.07,3122.01,0.67
27,Wheat,1997,Rabi       ,Assam,84698,110054,2051.4,8060708.66,26256.38,1.25952381
28,Arecanut,1997,Whole Year ,Karnataka,93100,133342,1266.7,8860327,28861,1.293571429
29,Arhar/Tur,1997,Kharif     ,Karnataka,421810,98473,1266.7,40143657.7,130761.1,0.268235294
30,Bajra,1997,Kharif     ,Karnataka,301149,132056,1266.7,28660350.33,93356.19,0.404545455
31,Bajra,1997,Summer     ,Karnataka,820,662,1266.7,78039.4,254.2,0.81
32,Black pepper,1997,Kharif     ,Karnataka,3825,924,1266.7,364025.25,1185.75,0.4375
33,Cardamom,1997,Whole Year ,Karnataka,21230,1214,1266.7,2020459.1,6581.3,0.058571429
34,Coriander,1997,Whole Year ,Karnataka,17317,2853,1266.7,1648058.89,5368.27,0.121333333
35,Dry chillies,1997,Kharif     ,Karnataka,186579,139206,1266.7,17756723.43,57839.49,1.078333333
36,Dry chillies,1997,Rabi       ,Karnataka,4565,7895,1266.7,434451.05,1415.15,1.869444444
37,Garlic,1997,Whole Year ,Karnataka,5061,3799,1266.7,481655.37,1568.91,1.585
38,Ginger,1997,Kharif     ,Karnataka,3619,4745,1266.7,344420.23,1121.89,1.262307692
39,Groundnut,1997,Kharif     ,Karnataka,847666,525562,1266.7,80672373.22,262776.46,0.709411765
40,Groundnut,1997,Rabi       ,Karnataka,192416,181071,1266.7,18312230.72,59648.96,1.133333333
41,Horse-gram,1997,Kharif     ,Karnataka,178872,80124,1266.7,17023248.24,55450.32,0.45
42,Horse-gram,1997,Rabi       ,Karnataka,163173,82572,1266.7,15529174.41,50583.63,0.514705882
43,Jowar,1997,Kharif     ,Karnataka,389690,516093,1266.7,37086797.3,120803.9,1.228
44,Jowar,1997,Rabi       ,Karnataka,1501172,722773,1266.7,142866539.2,465363.32,0.510714286
45,Jowar,1997,Summer     ,Karnataka,6137,15135,1266.7,584058.29,1902.47,2.470909091
46,Maize,1997,Kharif     ,Karnataka,502797,1391132,1266.7,47851190.49,155867.07,2.687777778
47,Maize,1997,Rabi       ,Karnataka,48844,98932,1266.7,4648483.48,15141.64,1.98
48,Maize,1997,Summer     ,Karnataka,9730,20893,1266.7,926004.1,3016.3,2.165714286
49,Ragi,1997,Kharif     ,Karnataka,897921,1214282,1266.7,85455141.57,278355.51,1.191333333
50,Ragi,1997,Rabi       ,Karnataka,27104,33696,1266.7,2579487.68,8402.24,1.312222222
51,Ragi,1997,Summer     ,Karnataka,13521,25035,1266.7,1286793.57,4191.51,1.847777778
52,Rice,1997,Kharif     ,Karnataka,1031530,2340493,1266.7,98170710.1,319774.3,2.2335
53,Rice,1997,Rabi       ,Karnataka,53889,109350,1266.7,5128616.13,16705.59,2.073846154
54,Rice,1997,Summer     ,Karnataka,268044,762759,1266.7,25509747.48,83093.64,2.829444444
55,Sugarcane,1997,Whole Year ,Karnataka,308857,28999269,1266.7,29393920.69,95745.67,91.74736842
56,Turmeric,1997,Whole Year ,Karnataka,4342,24108,1266.7,413228.14,1346.02,4.452941176
57,Wheat,1997,Rabi       ,Karnataka,250698,118512,1266.7,23858928.66,77716.38,0.548333333
58,Arecanut,1997,Whole Year ,Kerala,76145,93995,3252.4,7246719.65,23604.95,1.147857143
59,Black pepper,1997,Whole Year ,Kerala,173855,55520,3252.4,16545780.35,53895.05,0.240714286
60,Cashewnut,1997,Whole Year ,Kerala,96073,74142,3252.4,9143267.41,29782.63,0.589285714
61,Coconut ,1997,Whole Year ,Kerala,884344,52100,3252.4,84163018.48,274146.64,5376.054286
62,Tapioca,1997,Whole Year ,Kerala,132875,2841819,3252.4,12645713.75,41191.25,22.80357143
63,Arecanut,1997,Whole Year ,Meghalaya,9569,12116,3818.2,910681.73,2966.39,1.245714286
64,Arhar/Tur,1997,Kharif     ,Meghalaya,865,683,3818.2,82322.05,268.15,0.806666667
65,Banana,1997,Whole Year ,Meghalaya,5239,63011,3818.2,498595.63,1624.09,11.20714286
66,Castor seed,1997,Rabi       ,Meghalaya,30,15,3818.2,2855.1,9.3,0.49
67,Cotton(lint),1997,Kharif     ,Meghalaya,7544,5590,3818.2,717962.48,2338.64,0.796666667
68,Dry chillies,1997,Whole Year ,Meghalaya,1766,1106,3818.2,168070.22,547.46,0.64
69,Ginger,1997,Kharif     ,Meghalaya,7357,45260,3818.2,700165.69,2280.67,6.054285714
70,Gram,1997,Rabi       ,Meghalaya,443,270,3818.2,42160.31,137.33,0.613333333
71,Jute,1997,Kharif     ,Meghalaya,4243,34683,3818.2,403806.31,1315.33,8.436666667
72,Linseed,1997,Kharif     ,Meghalaya,50,22,3818.2,4758.5,15.5,0.44
73,Maize,1997,Kharif     ,Meghalaya,17175,24878,3818.2,1634544.75,5324.25,1.444285714
74,Mesta,1997,Kharif     ,Meghalaya,4688,21558,3818.2,446156.96,1453.28,4.68
75,Mesta,1997,Whole Year ,Meghalaya,861,713,3818.2,81941.37,266.91,0.7525
76,Other  Rabi pulses,1997,Rabi       ,Meghalaya,1909,1511,3818.2,181679.53,591.79,0.777142857
77,Potato,1997,Whole Year ,Meghalaya,20764,200509,3818.2,1976109.88,6436.84,8.641428571
78,Rapeseed &Mustard,1997,Rabi       ,Meghalaya,6914,4467,3818.2,658005.38,2143.34,0.608571429
79,Rice,1997,Kharif     ,Meghalaya,105170,150101,3818.2,10009028.9,32602.7,1.378571429
80,Sesamum,1997,Kharif     ,Meghalaya,1326,688,3818.2,126195.42,411.06,0.575714286
81,Small millets,1997,Kharif     ,Meghalaya,2804,2237,3818.2,266856.68,869.24,0.861428571
82,Soyabean,1997,Kharif     ,Meghalaya,898,814,3818.2,85462.66,278.38,0.921428571
83,Sugarcane,1997,Whole Year ,Meghalaya,82,225,3818.2,7803.94,25.42,2.352
84,Sweet potato,1997,Whole Year ,Meghalaya,5212,16978,3818.2,496026.04,1615.72,3.221428571
85,Tapioca,1997,Whole Year ,Meghalaya,3959,21087,3818.2,376778.03,1227.29,6.537142857
86,Tobacco,1997,Rabi       ,Meghalaya,742,505,3818.2,70616.14,230.02,0.618
87,Turmeric,1997,Whole Year ,Meghalaya,1401,7126,3818.2,133333.17,434.31,5.425714286
88,Wheat,1997,Rabi       ,Meghalaya,4287,6894,3818.2,407993.79,1328.97,1.385
89,Arecanut,1997,Whole Year ,West Bengal,8058,12423,1852.9,766879.86,2497.98,1.691764706
90,Arhar/Tur,1997,Whole Year ,West Bengal,3630,2181,1852.9,345467.1,1125.3,0.777692308
91,Bajra,1997,Kharif     ,West Bengal,207,95,1852.9,19700.19,64.17,0.426666667
92,Barley,1997,Whole Year ,West Bengal,6116,5034,1852.9,582059.72,1895.96,1.68
93,Cardamom,1997,Whole Year ,West Bengal,2674,7,1852.9,254484.58,828.94,0
94,Castor seed,1997,Whole Year ,West Bengal,660,46,1852.9,62812.2,204.6,0.07
95,Coconut ,1997,Whole Year ,West Bengal,24273,306202300,1852.9,2310061.41,7524.63,13003.78778
96,Cotton(lint),1997,Kharif     ,West Bengal,26000,52000,1852.9,2474420,8060,2
97,Dry chillies,1997,Whole Year ,West Bengal,64034,55569,1852.9,6094115.78,19850.54,0.942777778
98,Gram,1997,Rabi       ,West Bengal,25485,16994,1852.9,2425407.45,7900.35,0.5975
99,Groundnut,1997,Whole Year ,West Bengal,29615,38672,1852.9,2818459.55,9180.65,1.13
100,Horse-gram,1997,Kharif     ,West Bengal,5645,2556,1852.9,537234.65,1749.95,0.438888889
101,Jowar,1997,Whole Year ,West Bengal,948,450,1852.9,90221.16,293.88,0.482
102,Jute,1997,Kharif     ,West Bengal,641574,7549700,1852.9,61058597.58,198887.94,13.44588235
103,Khesari,1997,Rabi       ,West Bengal,25261,28460,1852.9,2404089.37,7830.91,1.095882353
104,Linseed,1997,Whole Year ,West Bengal,16486,4210,1852.9,1568972.62,5110.66,0.251538462
105,Maize,1997,Whole Year ,West Bengal,35469,130390,1852.9,3375584.73,10995.39,2.658461538
106,Masoor,1997,Rabi       ,West Bengal,51202,35040,1852.9,4872894.34,15872.62,0.662352941
107,Mesta,1997,Kharif     ,West Bengal,9689,89000,1852.9,922102.13,3003.59,9.154166667
108,Moong(Green Gram),1997,Kharif     ,West Bengal,1490,711,1852.9,141803.3,461.9,0.548888889
109,Moong(Green Gram),1997,Rabi       ,West Bengal,3269,1710,1852.9,311110.73,1013.39,0.542857143
110,Moong(Green Gram),1997,Summer     ,West Bengal,9959,303,1852.9,947798.03,3087.29,0.046
111,Niger seed,1997,Rabi       ,West Bengal,50808100,38657300,1852.9,4835406877,15750511,0.698888889
112,Niger seed,1997,Whole Year ,West Bengal,6512,3522,1852.9,619747.04,2018.72,0.40375
113,Other Kharif pulses,1997,Kharif     ,West Bengal,1279,725,1852.9,121722.43,396.49,0.585
114,Potato,1997,Whole Year ,West Bengal,284015,5581553,1852.9,27029707.55,88044.65,18.23722222
115,Ragi,1997,Autumn     ,West Bengal,12607,15330,1852.9,1199808.19,3908.17,0.986
116,Rapeseed &Mustard,1997,Whole Year ,West Bengal,327123,250950,1852.9,31132295.91,101408.13,0.718333333
117,Rice,1997,Autumn     ,West Bengal,423121,751970,1852.9,40268425.57,131167.51,1.837222222
118,Rice,1997,Summer     ,West Bengal,1206829,3569520,1852.9,114853915.9,374116.99,2.843888889
119,Rice,1997,Winter     ,West Bengal,4270328,8915100,1852.9,406407115.8,1323801.68,1.985555556
120,Safflower,1997,Whole Year ,West Bengal,10800,3000,1852.9,1027836,3348,0.2975
121,Sannhamp,1997,Whole Year ,West Bengal,2015,9073,1852.9,191767.55,624.65,4.598571429
122,Sesamum,1997,Whole Year ,West Bengal,127913,88943,1852.9,12173480.21,39653.03,0.649444444
123,Small millets,1997,Whole Year ,West Bengal,5046,3222,1852.9,480227.82,1564.26,0.626666667
124,Soyabean,1997,Kharif     ,West Bengal,1555,1172,1852.9,147989.35,482.05,1.196666667
125,Sugarcane,1997,Whole Year ,West Bengal,25797,1818700,1852.9,2455100.49,7997.07,67.83625
126,Sunflower,1997,Whole Year ,West Bengal,278,1,1852.9,26457.26,86.18,0
127,Turmeric,1997,Whole Year ,West Bengal,12481,23556,1852.9,1187816.77,3869.11,1.661111111
128,Urad,1997,Kharif     ,West Bengal,69271,44480,1852.9,6592521.07,21474.01,1.825
129,Urad,1997,Rabi       ,West Bengal,16694,10553,1852.9,1588767.98,5175.14,0.628333333
130,Wheat,1997,Rabi       ,West Bengal,367374,810480,1852.9,34962983.58,113885.94,1.886666667
131,Arecanut,1998,Kharif     ,Puducherry,66,23,1434.5875,6520.8,19.14,0.35
132,Bajra,1998,Kharif     ,Puducherry,149,324,1434.5875,14721.2,43.21,2.17
133,Black pepper,1998,Kharif     ,Puducherry,12,7,1434.5875,1185.6,3.48,0.58
134,Coriander,1998,Kharif     ,Puducherry,2,1,1434.5875,197.6,0.58,0.5
135,Cotton(lint),1998,Summer     ,Puducherry,453,372,1434.5875,44756.4,131.37,0.84
136,Dry chillies,1998,Kharif     ,Puducherry,8,23,1434.5875,790.4,2.32,2.75
137,Groundnut,1998,Rabi       ,Puducherry,1046,2062,1434.5875,103344.8,303.34,1.54
138,Onion,1998,Kharif     ,Puducherry,26,429,1434.5875,2568.8,7.54,16.5
139,Ragi,1998,Kharif     ,Puducherry,112,366,1434.5875,11065.6,32.48,3.27
140,Rice,1998,Kharif     ,Puducherry,4945,11518,1434.5875,488566,1434.05,2.46
141,Rice,1998,Rabi       ,Puducherry,13961,30220,1434.5875,1379346.8,4048.69,2.555
142,Rice,1998,Summer     ,Puducherry,5716,14863,1434.5875,564740.8,1657.64,2.55
143,Sesamum,1998,Kharif     ,Puducherry,147,120,1434.5875,14523.6,42.63,0.806666667
144,Small millets,1998,Kharif     ,Puducherry,4,3,1434.5875,395.2,1.16,0.75
145,Sugarcane,1998,Kharif     ,Puducherry,2710,232369,1434.5875,267748,785.9,82.595
146,Tapioca,1998,Kharif     ,Puducherry,649,19110,1434.5875,64121.2,188.21,20
147,Arecanut,1998,Whole Year ,Assam,74457,55355,2354.4,7356351.6,21592.53,0.784347826
148,Arhar/Tur,1998,Kharif     ,Assam,7657,5389,2354.4,756511.6,2220.53,0.709130435
149,Banana,1998,Whole Year ,Assam,41885,581884,2354.4,4138238,12146.65,13.78826087
150,Castor seed,1998,Kharif     ,Assam,1728,708,2354.4,170726.4,501.12,0.411428571
151,Coconut ,1998,Whole Year ,Assam,20166,149866000,2354.4,1992400.8,5848.14,6045.886957
152,Cotton(lint),1998,Kharif     ,Assam,1652,751,2354.4,163217.6,479.08,0.399130435
153,Dry chillies,1998,Whole Year ,Assam,14724,9690,2354.4,1454731.2,4269.96,0.636956522
154,Gram,1998,Rabi       ,Assam,3002,1503,2354.4,296597.6,870.58,0.460454545
155,Jute,1998,Kharif     ,Assam,78702,687173,2354.4,7775757.6,22823.58,9.040869565
156,Linseed,1998,Rabi       ,Assam,10222,5212,2354.4,1009933.6,2964.38,0.480909091
157,Maize,1998,Kharif     ,Assam,19810,13965,2354.4,1957228,5744.9,0.608695652
158,Mesta,1998,Kharif     ,Assam,5260,25623,2354.4,519688,1525.4,4.9105
159,Niger seed,1998,Kharif     ,Assam,8753,4478,2354.4,864796.4,2538.37,0.520555556
160,Onion,1998,Whole Year ,Assam,8083,18341,2354.4,798600.4,2344.07,2.340434783
161,Other  Rabi pulses,1998,Rabi       ,Assam,116141,62330,2354.4,11474730.8,33680.89,0.50826087
162,Potato,1998,Whole Year ,Assam,76958,611077,2354.4,7603450.4,22317.82,7.230434783
163,Rapeseed &Mustard,1998,Rabi       ,Assam,288829,135631,2354.4,28536305.2,83760.41,0.473478261
164,Rice,1998,Autumn     ,Assam,594979,520605,2354.4,58783925.2,172543.91,1.055652174
165,Rice,1998,Summer     ,Assam,223913,446114,2354.4,22122604.4,64934.77,1.685217391
166,Rice,1998,Winter     ,Assam,1635230,2288114,2354.4,161560724,474216.7,1.395652174
167,Sesamum,1998,Kharif     ,Assam,15940,8210,2354.4,1574872,4622.6,0.485217391
168,Small millets,1998,Kharif     ,Assam,10547,5450,2354.4,1042043.6,3058.63,0.521363636
169,Sugarcane,1998,Whole Year ,Assam,30571,1223578,2354.4,3020414.8,8865.59,39.89304348
170,Sweet potato,1998,Whole Year ,Assam,9433,32437,2354.4,931980.4,2735.57,3.435652174
171,Tapioca,1998,Whole Year ,Assam,2798,13261,2354.4,276442.4,811.42,4.445217391
172,Tobacco,1998,Whole Year ,Assam,1465,732,2354.4,144742,424.85,0.569545455
173,Turmeric,1998,Whole Year ,Assam,10729,7416,2354.4,1060025.2,3111.41,0.666956522
174,Wheat,1998,Rabi       ,Assam,89591,90509,2354.4,8851590.8,25981.39,0.999545455
175,Arecanut,1998,Whole Year ,Goa,1500,1820,2964.9,148200,435,1.21
176,Banana,1998,Whole Year ,Goa,1900,14400,2964.9,187720,551,7.58
177,Black pepper,1998,Whole Year ,Goa,250,70,2964.9,24700,72.5,0.28
178,Cashewnut,1998,Whole Year ,Goa,52875,15000,2964.9,5224050,15333.75,0.28
179,Coconut ,1998,Whole Year ,Goa,24858,121,2964.9,2455970.4,7208.82,4867.65
180,Groundnut,1998,Kharif     ,Goa,350,412,2964.9,34580,101.5,1.18
181,Groundnut,1998,Rabi       ,Goa,1048,2124,2964.9,103542.4,303.92,2.03
182,Other  Rabi pulses,1998,Rabi       ,Goa,8671,9220,2964.9,856694.8,2514.59,1.06
183,Other Kharif pulses,1998,Kharif     ,Goa,1200,324,2964.9,118560,348,0.27
184,Ragi,1998,Kharif     ,Goa,2500,2476,2964.9,247000,725,0.99
185,Rice,1998,Kharif     ,Goa,41000,104249,2964.9,4050800,11890,2.54
186,Rice,1998,Rabi       ,Goa,15439,46925,2964.9,1525373.2,4477.31,3.04
187,Sugarcane,1998,Whole Year ,Goa,1320,64000,2964.9,130416,382.8,48.48
188,Arecanut,1998,Whole Year ,Karnataka,98047,648365,1260.8,9687043.6,28433.63,6.232
189,Arhar/Tur,1998,Kharif     ,Karnataka,475396,221453,1260.8,46969124.8,137864.84,0.400833333
190,Bajra,1998,Kharif     ,Karnataka,415816,282231,1260.8,41082620.8,120586.64,0.601764706
191,Bajra,1998,Rabi       ,Karnataka,451,536,1260.8,44558.8,130.79,1.19
192,Bajra,1998,Summer     ,Karnataka,846,498,1260.8,83584.8,245.34,0.59
193,Black pepper,1998,Whole Year ,Karnataka,4387,10342,1260.8,433435.6,1272.23,2.238
194,Cardamom,1998,Whole Year ,Karnataka,20218,1153,1260.8,1997538.4,5863.22,0.06
195,Castor seed,1998,Kharif     ,Karnataka,27246,23245,1260.8,2691904.8,7901.34,0.831818182
196,Coconut ,1998,Whole Year ,Karnataka,310399,16115,1260.8,30667421.2,90015.71,4692.261111
197,Coriander,1998,Whole Year ,Karnataka,17935,2982,1260.8,1771978,5201.15,0.118
198,Cotton(lint),1998,Kharif     ,Karnataka,636495,976876,1260.8,62885706,184583.55,1.556521739
199,Dry chillies,1998,Whole Year ,Karnataka,170319,146498,1260.8,16827517.2,49392.51,1.123703704
200,Garlic,1998,Whole Year ,Karnataka,3574,3034,1260.8,353111.2,1036.46,1.459411765
201,Ginger,1998,Kharif     ,Karnataka,3896,51169,1260.8,384924.8,1129.84,12.75944444
202,Gram,1998,Rabi       ,Karnataka,355326,202508,1260.8,35106208.8,103044.54,0.573478261
203,Groundnut,1998,Kharif     ,Karnataka,1012577,929016,1260.8,100042607.6,293647.33,0.8568
204,Groundnut,1998,Rabi       ,Karnataka,217445,263118,1260.8,21483566,63059.05,1.3052
205,Horse-gram,1998,Kharif     ,Karnataka,189486,90718,1260.8,18721216.8,54950.94,0.504615385
206,Horse-gram,1998,Rabi       ,Karnataka,134779,62084,1260.8,13316165.2,39085.91,0.4492
207,Jowar,1998,Kharif     ,Karnataka,420808,616645,1260.8,41575830.4,122034.32,1.305714286
208,Jowar,1998,Rabi       ,Karnataka,1420162,1003450,1260.8,140312005.6,411846.98,0.7235
209,Jowar,1998,Summer     ,Karnataka,8897,23144,1260.8,879023.6,2580.13,2.461333333
210,Linseed,1998,Rabi       ,Karnataka,19806,6441,1260.8,1956832.8,5743.74,0.315
211,Maize,1998,Kharif     ,Karnataka,450472,1542607,1260.8,44506633.6,130636.88,3.366
212,Maize,1998,Rabi       ,Karnataka,49922,101605,1260.8,4932293.6,14477.38,1.97952381
213,Maize,1998,Summer     ,Karnataka,11974,27080,1260.8,1183031.2,3472.46,2.241904762
214,Moong(Green Gram),1998,Kharif     ,Karnataka,311720,61227,1260.8,30797936,90398.8,0.180769231
215,Moong(Green Gram),1998,Rabi       ,Karnataka,15627,7005,1260.8,1543947.6,4531.83,0.438823529
216,Niger seed,1998,Kharif     ,Karnataka,41853,8104,1260.8,4135076.4,12137.37,0.214782609
217,Onion,1998,Kharif     ,Karnataka,79921,362053,1260.8,7896194.8,23177.09,5.363636364
218,Onion,1998,Rabi       ,Karnataka,8882,91057,1260.8,877541.6,2575.78,8.936315789
219,Onion,1998,Summer     ,Karnataka,4797,55339,1260.8,473943.6,1391.13,11.86631579
220,Peas & beans (Pulses),1998,Kharif     ,Karnataka,1730,15872,1260.8,170924,501.7,9.265882353
221,Peas & beans (Pulses),1998,Rabi       ,Karnataka,494,4882,1260.8,48807.2,143.26,8.948181818
222,Peas & beans (Pulses),1998,Summer     ,Karnataka,1583,13707,1260.8,156400.4,459.07,7.827
223,Potato,1998,Kharif     ,Karnataka,28755,317052,1260.8,2840994,8338.95,12.37333333
224,Potato,1998,Rabi       ,Karnataka,4173,82124,1260.8,412292.4,1210.17,18.90714286
225,Potato,1998,Summer     ,Karnataka,1137,19387,1260.8,112335.6,329.73,17.6
226,Potato,1998,Whole Year ,Karnataka,268,3910,1260.8,26478.4,77.72,14.59
227,Ragi,1998,Kharif     ,Karnataka,986173,1664767,1260.8,97433892.4,285990.17,1.418
228,Ragi,1998,Rabi       ,Karnataka,33833,45301,1260.8,3342700.4,9811.57,1.361
229,Ragi,1998,Summer     ,Karnataka,10673,24008,1260.8,1054492.4,3095.17,2.239230769
230,Rapeseed &Mustard,1998,Kharif     ,Karnataka,6673,1790,1260.8,659292.4,1935.17,0.210625
231,Rice,1998,Kharif     ,Karnataka,1079193,2599170,1260.8,106624268.4,312965.97,2.310740741
232,Rice,1998,Rabi       ,Karnataka,51782,106072,1260.8,5116061.6,15016.78,2.054285714
233,Rice,1998,Summer     ,Karnataka,295830,951569,1260.8,29228004,85790.7,2.99375
234,Safflower,1998,Rabi       ,Karnataka,97487,58727,1260.8,9631715.6,28271.23,0.616428571
235,Sesamum,1998,Kharif     ,Karnataka,115250,46673,1260.8,11386700,33422.5,0.417307692
236,Soyabean,1998,Kharif     ,Karnataka,65309,70294,1260.8,6452529.2,18939.61,1.060588235
237,Sunflower,1998,Kharif     ,Karnataka,430676,127090,1260.8,42550788.8,124896.04,0.382608696
238,Sunflower,1998,Rabi       ,Karnataka,359514,112736,1260.8,35519983.2,104259.06,0.390416667
239,Sunflower,1998,Summer     ,Karnataka,43156,24211,1260.8,4263812.8,12515.24,0.595217391
240,Turmeric,1998,Whole Year ,Karnataka,5007,25386,1260.8,494691.6,1452.03,4.682380952
241,Wheat,1998,Rabi       ,Karnataka,268981,219433,1260.8,26575322.8,78004.49,0.848823529
242,Arecanut,1998,Whole Year ,Kerala,73639,68479,3151.5,7275533.2,21355.31,0.797857143
243,Banana,1998,Whole Year ,Kerala,30521,386588,3151.5,3015474.8,8851.09,12.85714286
244,Black pepper,1998,Whole Year ,Kerala,182384,68510,3151.5,18019539.2,52891.36,0.261428571
245,Cardamom,1998,Whole Year ,Kerala,41449,4990,3151.5,4095161.2,12020.21,0.045555556
246,Cashewnut,1998,Whole Year ,Kerala,91268,51336,3151.5,9017278.4,26467.72,0.484285714
247,Coconut ,1998,Whole Year ,Kerala,882288,5132,3151.5,87170054.4,255863.52,5304.749286
248,Cotton(lint),1998,Kharif     ,Kerala,10999,17752,3151.5,1086701.2,3189.71,1.61
249,Dry chillies,1998,Whole Year ,Kerala,297,288,3151.5,29343.6,86.13,0.937777778
250,Garlic,1998,Whole Year ,Kerala,742,12614,3151.5,73309.6,215.18,17
251,Ginger,1998,Whole Year ,Kerala,11107,39362,3151.5,1097371.6,3221.03,2.93
252,Groundnut,1998,Kharif     ,Kerala,7021,5219,3151.5,693674.8,2036.09,0.62
253,Jowar,1998,Kharif     ,Kerala,2177,1108,3151.5,215087.6,631.33,0.505
254,Ragi,1998,Kharif     ,Kerala,1157,936,3151.5,114311.6,335.53,0.81
255,Rice,1998,Autumn     ,Kerala,120217,235849,3151.5,11877439.6,34862.93,1.856923077
256,Rice,1998,Summer     ,Kerala,57700,144872,3151.5,5700760,16733,2.116153846
257,Rice,1998,Winter     ,Kerala,174714,346022,3151.5,17261743.2,50667.06,1.937142857
258,Sesamum,1998,Kharif     ,Kerala,3303,1057,3151.5,326336.4,957.87,0.467272727
259,Sugarcane,1998,Whole Year ,Kerala,6160,472160,3151.5,608608,1786.4,64.83
260,Sweet potato,1998,Whole Year ,Kerala,1099,11924,3151.5,108581.2,318.71,11.718
261,Tapioca,1998,Whole Year ,Kerala,112774,2630155,3151.5,11142071.2,32704.46,25.51785714
262,Tobacco,1998,Whole Year ,Kerala,41,228,3151.5,4050.8,11.89,5.56
263,Turmeric,1998,Whole Year ,Kerala,3706,8034,3151.5,366152.8,1074.74,1.997857143
264,Arecanut,1998,Whole Year ,Meghalaya,9585,11567,6552.7,946998,2779.65,1.151666667
265,Arhar/Tur,1998,Kharif     ,Meghalaya,861,678,6552.7,85066.8,249.69,0.803333333
266,Banana,1998,Whole Year ,Meghalaya,5194,62888,6552.7,513167.2,1506.26,11.26714286
267,Cotton(lint),1998,Kharif     ,Meghalaya,7549,5599,6552.7,745841.2,2189.21,0.796666667
268,Dry chillies,1998,Whole Year ,Meghalaya,1764,1051,6552.7,174283.2,511.56,0.598571429
269,Ginger,1998,Kharif     ,Meghalaya,7403,45590,6552.7,731416.4,2146.87,6.008571429
270,Gram,1998,Rabi       ,Meghalaya,463,283,6552.7,45744.4,134.27,0.61
271,Jute,1998,Kharif     ,Meghalaya,4241,27097,6552.7,419010.8,1229.89,7.553333333
272,Linseed,1998,Kharif     ,Meghalaya,51,23,6552.7,5038.8,14.79,0.45
273,Maize,1998,Kharif     ,Meghalaya,17219,25272,6552.7,1701237.2,4993.51,1.457142857
274,Mesta,1998,Kharif     ,Meghalaya,4681,21362,6552.7,462482.8,1357.49,4.58
275,Mesta,1998,Whole Year ,Meghalaya,871,631,6552.7,86054.8,252.59,0.68
276,Other  Rabi pulses,1998,Rabi       ,Meghalaya,1938,1527,6552.7,191474.4,562.02,0.755714286
277,Potato,1998,Whole Year ,Meghalaya,20753,201059,6552.7,2050396.4,6018.37,7.738571429
278,Rapeseed &Mustard,1998,Rabi       ,Meghalaya,6916,4576,6552.7,683300.8,2005.64,0.635714286
279,Rice,1998,Kharif     ,Meghalaya,105402,149742,6552.7,10413717.6,30566.58,1.51
280,Sesamum,1998,Kharif     ,Meghalaya,1322,694,6552.7,130613.6,383.38,0.575714286
281,Small millets,1998,Kharif     ,Meghalaya,2823,2282,6552.7,278912.4,818.67,0.871428571
282,Soyabean,1998,Kharif     ,Meghalaya,899,812,6552.7,88821.2,260.71,0.881428571
283,Sugarcane,1998,Whole Year ,Meghalaya,83,225,6552.7,8200.4,24.07,2.328
284,Sweet potato,1998,Whole Year ,Meghalaya,5181,17291,6552.7,511882.8,1502.49,3.302857143
285,Tapioca,1998,Whole Year ,Meghalaya,3963,21251,6552.7,391544.4,1149.27,6.547142857
286,Tobacco,1998,Whole Year ,Meghalaya,742,507,6552.7,73309.6,215.18,0.61
287,Turmeric,1998,Whole Year ,Meghalaya,1375,6997,6552.7,135850,398.75,5.624285714
288,Wheat,1998,Rabi       ,Meghalaya,4287,6998,6552.7,423555.6,1243.23,1.605
289,Arecanut,1998,Whole Year ,West Bengal,8239,13665,2152.5,814013.2,2389.31,1.595294118
290,Arhar/Tur,1998,Kharif     ,West Bengal,2606,1672,2152.5,257472.8,755.74,0.756923077
291,Bajra,1998,Kharif     ,West Bengal,175,84,2152.5,17290,50.75,0.436666667
292,Barley,1998,Rabi       ,West Bengal,5938,5910,2152.5,586674.4,1722.02,1.10375
293,Cardamom,1998,Whole Year ,West Bengal,2875,690,2152.5,284050,833.75,0.24
294,Castor seed,1998,Rabi       ,West Bengal,54,38,2152.5,5335.2,15.66,0.7
295,Coconut ,1998,Whole Year ,West Bengal,24616,31817,2152.5,2432060.8,7138.64,12448.06222
296,Cotton(lint),1998,Kharif     ,West Bengal,200,73,2152.5,19760,58,0.37
297,Dry chillies,1998,Whole Year ,West Bengal,64354,51303,2152.5,6358175.2,18662.66,0.890555556
298,Ginger,1998,Kharif     ,West Bengal,9398,18839,2152.5,928522.4,2725.42,1.449444444
299,Gram,1998,Rabi       ,West Bengal,23286,18971,2152.5,2300656.8,6752.94,0.875
300,Groundnut,1998,Whole Year ,West Bengal,30157,34994,2152.5,2979511.6,8745.53,1.128571429
301,Horse-gram,1998,Rabi       ,West Bengal,4958,2043,2152.5,489850.4,1437.82,0.422
302,Jowar,1998,Kharif     ,West Bengal,886,414,2152.5,87536.8,256.94,0.465
303,Jute,1998,Kharif     ,West Bengal,612066,7373630,2152.5,60472120.8,177499.14,13.24705882
304,Khesari,1998,Rabi       ,West Bengal,23300,20850,2152.5,2302040,6757,0.774666667
305,Linseed,1998,Rabi       ,West Bengal,10323,2691,2152.5,1019912.4,2993.67,0.24
306,Maize,1998,Kharif     ,West Bengal,38519,121161,2152.5,3805677.2,11170.51,2.634
307,Masoor,1998,Rabi       ,West Bengal,51919,35600,2152.5,5129597.2,15056.51,0.600588235
308,Mesta,1998,Kharif     ,West Bengal,9911,81030,2152.5,979206.8,2874.19,8.453846154
309,Moong(Green Gram),1998,Kharif     ,West Bengal,822,429,2152.5,81213.6,238.38,0.5075
310,Moong(Green Gram),1998,Rabi       ,West Bengal,2729,1598,2152.5,269625.2,791.41,0.61
311,Moong(Green Gram),1998,Summer     ,West Bengal,9320,2980,2152.5,920816,2702.8,0.312857143
312,Niger seed,1998,Kharif     ,West Bengal,7587,4100,2152.5,749595.6,2200.23,0.4075
313,Other Kharif pulses,1998,Kharif     ,West Bengal,768,318,2152.5,75878.4,222.72,0.516
314,Peas & beans (Pulses),1998,Rabi       ,West Bengal,9230,6776,2152.5,911924,2676.7,0.70625
315,Potato,1998,Whole Year ,West Bengal,318199,6689636,2152.5,31438061.2,92277.71,18.95944444
316,Ragi,1998,Kharif     ,West Bengal,12895,15648,2152.5,1274026,3739.55,0.91
317,Rapeseed &Mustard,1998,Rabi       ,West Bengal,344358,251740,2152.5,34022570.4,99863.82,0.667222222
318,Rice,1998,Autumn     ,West Bengal,425002,740688,2152.5,41990197.6,123250.58,1.751111111
319,Rice,1998,Summer     ,West Bengal,1450473,4921984,2152.5,143306732.4,420637.17,3.22
320,Rice,1998,Winter     ,West Bengal,4028620,7653780,2152.5,398027656,1168299.8,1.781666667
321,Safflower,1998,Rabi       ,West Bengal,48,16,2152.5,4742.4,13.92,0.4575
322,Sannhamp,1998,Whole Year ,West Bengal,1800,9280,2152.5,177840,522,4.971428571
323,Sesamum,1998,Whole Year ,West Bengal,100425,85448,2152.5,9921990,29123.25,0.741111111
324,Small millets,1998,Kharif     ,West Bengal,3742,1877,2152.5,369709.6,1085.18,0.575714286
325,Small millets,1998,Rabi       ,West Bengal,1235,1387,2152.5,122018,358.15,1.035
326,Soyabean,1998,Kharif     ,West Bengal,800,461,2152.5,79040,232,0.481666667
327,Sugarcane,1998,Whole Year ,West Bengal,26949,2001900,2152.5,2662561.2,7815.21,75.314375
328,Sunflower,1998,Kharif     ,West Bengal,149,111,2152.5,14721.2,43.21,0.71
329,Turmeric,1998,Whole Year ,West Bengal,12763,21487,2152.5,1260984.4,3701.27,1.569444444
330,Urad,1998,Kharif     ,West Bengal,58878,25071,2152.5,5817146.4,17074.62,0.402222222
331,Urad,1998,Rabi       ,West Bengal,15112,9700,2152.5,1493065.6,4382.48,0.649090909
332,Wheat,1998,Rabi       ,West Bengal,367472,778090,2152.5,36306233.6,106566.88,1.870555556
333,Arecanut,1999,Whole Year ,Assam,73464,52924,2201.8,7796734.32,19835.28,0.746086957
334,Arhar/Tur,1999,Kharif     ,Assam,7266,5102,2201.8,771140.58,1961.82,0.707826087
335,Banana,1999,Whole Year ,Assam,41922,583383,2201.8,4449181.86,11318.94,13.74652174
336,Castor seed,1999,Kharif     ,Assam,1726,704,2201.8,183180.38,466.02,0.423333333
337,Coconut ,1999,Whole Year ,Assam,20238,150,2201.8,2147858.94,5464.26,5672.116522
338,Cotton(lint),1999,Kharif     ,Assam,1637,746,2201.8,173734.81,441.99,0.41173913
339,Dry chillies,1999,Whole Year ,Assam,14418,9516,2201.8,1530182.34,3892.86,0.636956522
340,Gram,1999,Rabi       ,Assam,2336,1196,2201.8,247919.68,630.72,0.470454545
341,Jute,1999,Kharif     ,Assam,73545,657537,2201.8,7805330.85,19857.15,9.13173913
342,Linseed,1999,Rabi       ,Assam,10248,5323,2201.8,1087620.24,2766.96,0.502727273
343,Maize,1999,Kharif     ,Assam,19708,14056,2201.8,2091610.04,5321.16,0.613913043
344,Mesta,1999,Kharif     ,Assam,5177,25515,2201.8,549435.01,1397.79,4.622380952
345,Niger seed,1999,Kharif     ,Assam,8904,4582,2201.8,944981.52,2404.08,0.548947368
346,Onion,1999,Whole Year ,Assam,7365,17167,2201.8,781647.45,1988.55,2.322173913
347,Other  Rabi pulses,1999,Rabi       ,Assam,106576,58390,2201.8,11310910.88,28775.52,0.532173913
348,Potato,1999,Whole Year ,Assam,76748,699744,2201.8,8145265.24,20721.96,8.062608696
349,Rapeseed &Mustard,1999,Rabi       ,Assam,286241,129425,2201.8,30378757.33,77285.07,0.479565217
350,Rice,1999,Autumn     ,Assam,557220,514156,2201.8,59137758.6,150449.4,1.094782609
351,Rice,1999,Summer     ,Assam,294654,653783,2201.8,31271629.02,79556.58,1.990434783
352,Rice,1999,Winter     ,Assam,1793994,2692709,2201.8,190396583.2,484378.38,1.501304348
353,Sesamum,1999,Kharif     ,Assam,15143,7866,2201.8,1607126.59,4088.61,0.485217391
354,Small millets,1999,Kharif     ,Assam,10681,5467,2201.8,1133574.53,2883.87,0.502727273
355,Sugarcane,1999,Whole Year ,Assam,29107,1154615,2201.8,3089125.91,7858.89,40.43478261
356,Sweet potato,1999,Whole Year ,Assam,8955,30979,2201.8,950394.15,2417.85,3.409130435
357,Tapioca,1999,Whole Year ,Assam,2836,13444,2201.8,300984.68,765.72,4.436521739
358,Tobacco,1999,Whole Year ,Assam,1373,695,2201.8,145716.49,370.71,0.573913043
359,Turmeric,1999,Whole Year ,Assam,10980,7586,2201.8,1165307.4,2964.6,0.667391304
360,Wheat,1999,Rabi       ,Assam,76310,97583,2201.8,8098780.3,20603.7,1.256818182
361,Arecanut,1999,Whole Year ,Goa,1550,1880,3879.3,164501.5,418.5,1.21
362,Banana,1999,Whole Year ,Goa,1950,14500,3879.3,206953.5,526.5,7.44
363,Black pepper,1999,Whole Year ,Goa,275,120,3879.3,29185.75,74.25,0.44
364,Cashewnut,1999,Whole Year ,Goa,53292,17274,3879.3,5655879.96,14388.84,0.32
365,Coconut ,1999,Whole Year ,Goa,24975,1215800,3879.3,2650596.75,6743.25,4868.07
366,Groundnut,1999,Kharif     ,Goa,350,513,3879.3,37145.5,94.5,1.47
367,Groundnut,1999,Rabi       ,Goa,1004,1767,3879.3,106554.52,271.08,1.76
368,Other  Rabi pulses,1999,Rabi       ,Goa,9227,8430,3879.3,979261.51,2491.29,0.91
369,Other Kharif pulses,1999,Kharif     ,Goa,1000,578,3879.3,106130,270,0.58
370,Ragi,1999,Kharif     ,Goa,1000,1070,3879.3,106130,270,1.07
371,Rice,1999,Kharif     ,Goa,40500,96281,3879.3,4298265,10935,2.38
372,Rice,1999,Rabi       ,Goa,16213,43642,3879.3,1720685.69,4377.51,2.69
373,Sugarcane,1999,Whole Year ,Goa,1335,68440,3879.3,141683.55,360.45,51.27
374,Arecanut,1999,Whole Year ,Kerala,81941,83337,2914.6,8696398.33,22124.07,0.831428571
375,Banana,1999,Whole Year ,Kerala,39046,398145,2914.6,4143951.98,10542.42,10.36285714
376,Black pepper,1999,Whole Year ,Kerala,198406,47543,2914.6,21056828.78,53569.62,0.193571429
377,Cardamom,1999,Whole Year ,Kerala,41491,6585,2914.6,4403439.83,11202.57,0.056666667
378,Cashewnut,1999,Whole Year ,Kerala,89403,65547,2914.6,9488340.39,24138.81,0.491428571
379,Coconut ,1999,Whole Year ,Kerala,925035,56000,2914.6,98173964.55,249759.45,5581.025714
380,Cotton(lint),1999,Kharif     ,Kerala,4772,7702,2914.6,506452.36,1288.44,1.61
381,Dry chillies,1999,Whole Year ,Kerala,312,310,2914.6,33112.56,84.24,0.975
382,Garlic,1999,Whole Year ,Kerala,849,14433,2914.6,90104.37,229.23,17
383,Ginger,1999,Whole Year ,Kerala,11264,41344,2914.6,1195448.32,3041.28,3.159285714
384,Groundnut,1999,Kharif     ,Kerala,6921,5144,2914.6,734525.73,1868.67,0.37
385,Jowar,1999,Kharif     ,Kerala,2529,1287,2914.6,268402.77,682.83,0.255
386,Ragi,1999,Kharif     ,Kerala,870,704,2914.6,92333.1,234.9,0.815
387,Rice,1999,Autumn     ,Kerala,121525,252876,2914.6,12897448.25,32811.75,2.081538462
388,Rice,1999,Summer     ,Kerala,58021,144551,2914.6,6157768.73,15665.67,2.292857143
389,Rice,1999,Winter     ,Kerala,170228,373259,2914.6,18066297.64,45961.56,2.097142857
390,Sesamum,1999,Kharif     ,Kerala,2612,718,2914.6,277211.56,705.24,0.374545455
391,Sugarcane,1999,Whole Year ,Kerala,5780,578820,2914.6,613431.4,1560.6,88.2225
392,Sweet potato,1999,Whole Year ,Kerala,989,10698,2914.6,104962.57,267.03,11.79636364
393,Tapioca,1999,Whole Year ,Kerala,111922,2531752,2914.6,11878281.86,30218.94,24.25785714
394,Tobacco,1999,Whole Year ,Kerala,44,245,2914.6,4669.72,11.88,5.57
395,Turmeric,1999,Whole Year ,Kerala,3971,8362,2914.6,421442.23,1072.17,1.999285714
396,Arecanut,1999,Whole Year ,Meghalaya,9645,12510,6200.3,1023623.85,2604.15,1.245
397,Arhar/Tur,1999,Kharif     ,Meghalaya,871,647,6200.3,92439.23,235.17,0.78
398,Banana,1999,Whole Year ,Meghalaya,5319,63383,6200.3,564505.47,1436.13,11.16285714
399,Castor seed,1999,Kharif     ,Meghalaya,27,14,6200.3,2865.51,7.29,0.515
400,Cotton(lint),1999,Kharif     ,Meghalaya,7455,5549,6200.3,791199.15,2012.85,0.8
401,Dry chillies,1999,Whole Year ,Meghalaya,1790,1128,6200.3,189972.7,483.3,0.635714286
402,Ginger,1999,Kharif     ,Meghalaya,7606,44710,6200.3,807224.78,2053.62,5.765714286
403,Gram,1999,Rabi       ,Meghalaya,460,283,6200.3,48819.8,124.2,0.616666667
404,Jute,1999,Kharif     ,Meghalaya,4235,31781,6200.3,449460.55,1143.45,6.76
405,Maize,1999,Kharif     ,Meghalaya,16637,24051,6200.3,1765684.81,4491.99,1.448571429
406,Mesta,1999,Kharif     ,Meghalaya,4457,20071,6200.3,473021.41,1203.39,4.556666667
407,Potato,1999,Whole Year ,Meghalaya,18339,143287,6200.3,1946318.07,4951.53,6.858571429
408,Rapeseed &Mustard,1999,Rabi       ,Meghalaya,7042,4648,6200.3,747367.46,1901.34,0.654285714
409,Rice,1999,Kharif     ,Meghalaya,102482,156887,6200.3,10876414.66,27670.14,1.605714286
410,Rice,1999,Rabi       ,Meghalaya,3929,13846,6200.3,416984.77,1060.83,1.755714286
411,Sesamum,1999,Kharif     ,Meghalaya,1304,680,6200.3,138393.52,352.08,0.588571429
412,Soyabean,1999,Kharif     ,Meghalaya,1038,928,6200.3,110162.94,280.26,0.888571429
413,Sugarcane,1999,Whole Year ,Meghalaya,80,223,6200.3,8490.4,21.6,2.372
414,Sweet potato,1999,Whole Year ,Meghalaya,5220,17591,6200.3,553998.6,1409.4,3.415714286
415,Tapioca,1999,Whole Year ,Meghalaya,4022,21497,6200.3,426854.86,1085.94,6.39
416,Tobacco,1999,Whole Year ,Meghalaya,719,488,6200.3,76307.47,194.13,0.636
417,Turmeric,1999,Whole Year ,Meghalaya,1458,8196,6200.3,154737.54,393.66,5.284285714
418,Arecanut,1999,Whole Year ,Puducherry,65,130,1434.5875,6898.45,17.55,2
419,Bajra,1999,Kharif     ,Puducherry,170,470,1434.5875,18042.1,45.9,2.76
420,Banana,1999,Whole Year ,Puducherry,282,8890,1434.5875,29928.66,76.14,29.25
421,Black pepper,1999,Whole Year ,Puducherry,12,7,1434.5875,1273.56,3.24,0.58
422,Cashewnut,1999,Whole Year ,Puducherry,210,177,1434.5875,22287.3,56.7,2.69
423,Coconut ,1999,Whole Year ,Puducherry,2214,278160,1434.5875,234971.82,597.78,12812.4475
424,Coriander,1999,Whole Year ,Puducherry,3,2,1434.5875,318.39,0.81,0.67
425,Cotton(lint),1999,Kharif     ,Puducherry,357,1835,1434.5875,37888.41,96.39,5.14
426,Dry chillies,1999,Whole Year ,Puducherry,11,35,1434.5875,1167.43,2.97,3.305
427,Ginger,1999,Kharif     ,Puducherry,133,94,1434.5875,14115.29,35.91,0.676666667
428,Groundnut,1999,Kharif     ,Puducherry,898,2511,1434.5875,95304.74,242.46,2.125
429,Jowar,1999,Kharif     ,Puducherry,3,3,1434.5875,318.39,0.81,1
430,Moong(Green Gram),1999,Rabi       ,Puducherry,2453,1321,1434.5875,260336.89,662.31,0.553333333
431,Onion,1999,Whole Year ,Puducherry,14,183,1434.5875,1485.82,3.78,13.07
432,Other  Rabi pulses,1999,Rabi       ,Puducherry,63,123,1434.5875,6686.19,17.01,1.333333333
433,Ragi,1999,Kharif     ,Puducherry,124,452,1434.5875,13160.12,33.48,3.325
434,Rapeseed &Mustard,1999,Rabi       ,Puducherry,64,483,1434.5875,6792.32,17.28,6.023333333
435,Rice,1999,Kharif     ,Puducherry,25444,59433,1434.5875,2700371.72,6869.88,2.61
436,Sugarcane,1999,Whole Year ,Puducherry,2798,237610,1434.5875,296951.74,755.46,83
437,Tapioca,1999,Whole Year ,Puducherry,365,10571,1434.5875,38737.45,98.55,18.29
438,Urad,1999,Rabi       ,Puducherry,3159,2467,1434.5875,335264.67,852.93,0.763333333
439,Arecanut,1999,Whole Year ,West Bengal,7677,13124,2318.1,814760.01,2072.79,1.864117647
440,Arhar/Tur,1999,Kharif     ,West Bengal,3077,2320,2318.1,326562.01,830.79,0.83
441,Bajra,1999,Kharif     ,West Bengal,146,96,2318.1,15494.98,39.42,0.606666667
442,Barley,1999,Rabi       ,West Bengal,5077,4686,2318.1,538822.01,1370.79,0.776666667
443,Cardamom,1999,Whole Year ,West Bengal,2875,690,2318.1,305123.75,776.25,0.24
444,Castor seed,1999,Kharif     ,West Bengal,35,24,2318.1,3714.55,9.45,0.69
445,Coconut ,1999,Whole Year ,West Bengal,24216,324305700,2318.1,2570044.08,6538.32,13592.12778
446,Cotton(lint),1999,Kharif     ,West Bengal,750,2040,2318.1,79597.5,202.5,2.72
447,Dry chillies,1999,Autumn     ,West Bengal,16849,13874,2318.1,1788184.37,4549.23,0.717222222
448,Dry chillies,1999,Rabi       ,West Bengal,46293,38430,2318.1,4913076.09,12499.11,1.043333333
449,Ginger,1999,Kharif     ,West Bengal,9165,18890,2318.1,972681.45,2474.55,1.662777778
450,Gram,1999,Rabi       ,West Bengal,26618,21961,2318.1,2824968.34,7186.86,0.826923077
451,Groundnut,1999,Kharif     ,West Bengal,4804,3311,2318.1,509848.52,1297.08,1.16625
452,Groundnut,1999,Rabi       ,West Bengal,6098,9269,2318.1,647180.74,1646.46,1.525
453,Groundnut,1999,Summer     ,West Bengal,23233,33214,2318.1,2465718.29,6272.91,1.315
454,Horse-gram,1999,Rabi       ,West Bengal,4326,2087,2318.1,459118.38,1168.02,0.452
455,Jowar,1999,Kharif     ,West Bengal,1156,540,2318.1,122686.28,312.12,0.68
456,Jute,1999,Kharif     ,West Bengal,613923,7593680,2318.1,65155647.99,165759.21,13.94058824
457,Khesari,1999,Rabi       ,West Bengal,23091,21964,2318.1,2450647.83,6234.57,0.999375
458,Linseed,1999,Rabi       ,West Bengal,9855,4004,2318.1,1045911.15,2660.85,0.360769231
459,Maize,1999,Kharif     ,West Bengal,35129,69682,2318.1,3728240.77,9484.83,1.941538462
460,Masoor,1999,Rabi       ,West Bengal,58760,34165,2318.1,6236198.8,15865.2,0.636470588
461,Mesta,1999,Kharif     ,West Bengal,8864,81720,2318.1,940736.32,2393.28,9.842142857
462,Moong(Green Gram),1999,Kharif     ,West Bengal,578,293,2318.1,61343.14,156.06,0.5325
463,Moong(Green Gram),1999,Rabi       ,West Bengal,2375,1465,2318.1,252058.75,641.25,0.615
464,Moong(Green Gram),1999,Summer     ,West Bengal,7947,3942,2318.1,843415.11,2145.69,0.850625
465,Niger seed,1999,Kharif     ,West Bengal,6733,3528,2318.1,714573.29,1817.91,0.3875
466,Other Kharif pulses,1999,Kharif     ,West Bengal,783,419,2318.1,83099.79,211.41,0.591666667
467,Peas & beans (Pulses),1999,Rabi       ,West Bengal,7041,6027,2318.1,747261.33,1901.07,0.931333333
468,Potato,1999,Summer     ,West Bengal,2478,33214,2318.1,262990.14,669.06,13.4
469,Potato,1999,Winter     ,West Bengal,313373,7449103,2318.1,33258276.49,84610.71,20.56777778
470,Ragi,1999,Kharif     ,West Bengal,12489,15051,2318.1,1325457.57,3372.03,0.898
471,Rapeseed &Mustard,1999,Rabi       ,West Bengal,345961,278540,2318.1,36716840.93,93409.47,0.766111111
472,Rice,1999,Autumn     ,West Bengal,427155,827970,2318.1,45333960.15,115331.85,1.868888889
473,Rice,1999,Summer     ,West Bengal,1474338,4468400,2318.1,156471491.9,398071.26,2.897222222
474,Rice,1999,Winter     ,West Bengal,4248946,8463310,2318.1,450940639,1147215.42,1.906666667
475,Safflower,1999,Rabi       ,West Bengal,60,19,2318.1,6367.8,16.2,0.542
476,Sannhamp,1999,Autumn     ,West Bengal,1448,7810,2318.1,153676.24,390.96,5.421666667
477,Sannhamp,1999,Rabi       ,West Bengal,107,298,2318.1,11355.91,28.89,3.6
478,Sesamum,1999,Autumn     ,West Bengal,891,406,2318.1,94561.83,240.57,0.377777778
479,Sesamum,1999,Summer     ,West Bengal,102044,72230,2318.1,10829929.72,27551.88,0.638235294
480,Sesamum,1999,Winter     ,West Bengal,2510,1285,2318.1,266386.3,677.7,0.5425
481,Small millets,1999,Kharif     ,West Bengal,3702,1924,2318.1,392893.26,999.54,0.617142857
482,Small millets,1999,Rabi       ,West Bengal,1505,1541,2318.1,159725.65,406.35,0.918
483,Soyabean,1999,Kharif     ,West Bengal,730,441,2318.1,77474.9,197.1,0.448333333
484,Sugarcane,1999,Whole Year ,West Bengal,22883,1762806,2318.1,2428572.79,6178.41,78.571875
485,Sunflower,1999,Kharif     ,West Bengal,150,90,2318.1,15919.5,40.5,0.683333333
486,Tobacco,1999,Whole Year ,West Bengal,11442,6694,2318.1,1214339.46,3089.34,0.592
487,Turmeric,1999,Whole Year ,West Bengal,13283,20023,2318.1,1409724.79,3586.41,1.425555556
488,Urad,1999,Kharif     ,West Bengal,60254,35523,2318.1,6394757.02,16268.58,0.566666667
489,Urad,1999,Rabi       ,West Bengal,18527,10987,2318.1,1966270.51,5002.29,0.636923077
490,Wheat,1999,Rabi       ,West Bengal,364155,850778,2318.1,38647770.15,98321.85,2.096666667
491,Arecanut,2000,Whole Year ,Andhra Pradesh,262,724,935.6,25720.54,68.12,2.78
492,Arhar/Tur,2000,Kharif     ,Andhra Pradesh,507366,216457,935.6,49808120.22,131915.16,0.433181818
493,Arhar/Tur,2000,Rabi       ,Andhra Pradesh,6098,2701,935.6,598640.66,1585.48,0.42375
494,Bajra,2000,Kharif     ,Andhra Pradesh,129475,135964,935.6,12710560.75,33663.5,1.001666667
495,Bajra,2000,Rabi       ,Andhra Pradesh,14229,12524,935.6,1396860.93,3699.54,0.883125
496,Banana,2000,Whole Year ,Andhra Pradesh,49051,819660,935.6,4815336.67,12753.26,17.63090909
497,Cashewnut,2000,Whole Year ,Andhra Pradesh,145315,31074,935.6,14265573.55,37781.9,0.190625
498,Castor seed,2000,Kharif     ,Andhra Pradesh,398561,136860,935.6,39126733.37,103625.86,0.339047619
499,Coconut ,2000,Whole Year ,Andhra Pradesh,102646,1092707179,935.6,10076757.82,26687.96,9101.813684
500,Coriander,2000,Whole Year ,Andhra Pradesh,58441,19993,935.6,5737152.97,15194.66,0.395
501,Cotton(lint),2000,Kharif     ,Andhra Pradesh,1021721,1662683,935.6,100302350.6,265647.46,1.687727273
502,Dry chillies,2000,Kharif     ,Andhra Pradesh,183741,410643,935.6,18037853.97,47772.66,2.146818182
503,Dry chillies,2000,Rabi       ,Andhra Pradesh,54262,115528,935.6,5326900.54,14108.12,2.023181818
504,Ginger,2000,Whole Year ,Andhra Pradesh,2329,6515,935.6,228637.93,605.54,3.14875
505,Gram,2000,Kharif     ,Andhra Pradesh,100,173,935.6,9817,26,1.1575
506,Gram,2000,Rabi       ,Andhra Pradesh,200763,228546,935.6,19708903.71,52198.38,1.4145
507,Groundnut,2000,Kharif     ,Andhra Pradesh,1601349,1697233,935.6,157204431.3,416350.74,0.904090909
508,Groundnut,2000,Rabi       ,Andhra Pradesh,272468,445720,935.6,26748183.56,70841.68,1.668181818
509,Horse-gram,2000,Kharif     ,Andhra Pradesh,13824,6838,935.6,1357102.08,3594.24,0.5
510,Horse-gram,2000,Rabi       ,Andhra Pradesh,64789,13492,935.6,6360336.13,16845.14,0.209545455
511,Jowar,2000,Kharif     ,Andhra Pradesh,332435,328490,935.6,32635143.95,86433.1,0.830909091
512,Jowar,2000,Rabi       ,Andhra Pradesh,344493,290498,935.6,33818877.81,89568.18,0.840909091
513,Linseed,2000,Rabi       ,Andhra Pradesh,5486,1093,935.6,538560.62,1426.36,0.2075
514,Maize,2000,Kharif     ,Andhra Pradesh,430544,1107165,935.6,42266504.48,111941.44,2.564545455
515,Maize,2000,Rabi       ,Andhra Pradesh,97123,473602,935.6,9534564.91,25251.98,5.019545455
516,Mesta,2000,Kharif     ,Andhra Pradesh,77823,686947,935.6,7639883.91,20233.98,8.745384615
517,Moong(Green Gram),2000,Kharif     ,Andhra Pradesh,392017,141194,935.6,38484308.89,101924.42,0.404090909
518,Moong(Green Gram),2000,Rabi       ,Andhra Pradesh,128365,43016,935.6,12601592.05,33374.9,0.371578947
519,Niger seed,2000,Kharif     ,Andhra Pradesh,18452,6001,935.6,1811432.84,4797.52,0.36
520,Onion,2000,Kharif     ,Andhra Pradesh,17058,227873,935.6,1674583.86,4435.08,12.77315789
521,Onion,2000,Rabi       ,Andhra Pradesh,13248,308617,935.6,1300556.16,3444.48,22.5085
522,Other  Rabi pulses,2000,Rabi       ,Andhra Pradesh,14200,5471,935.6,1394014,3692,0.324705882
523,Other Kharif pulses,2000,Kharif     ,Andhra Pradesh,19850,5000,935.6,1948674.5,5161,0.275263158
524,Potato,2000,Whole Year ,Andhra Pradesh,2489,14618,935.6,244345.13,647.14,6.14375
525,Ragi,2000,Kharif     ,Andhra Pradesh,83492,92780,935.6,8196409.64,21707.92,1.172
526,Ragi,2000,Rabi       ,Andhra Pradesh,15760,27299,935.6,1547159.2,4097.6,1.639285714
527,Rapeseed &Mustard,2000,Rabi       ,Andhra Pradesh,4482,1048,935.6,439997.94,1165.32,0.151538462
528,Rice,2000,Kharif     ,Andhra Pradesh,3003673,8233806,935.6,294870578.4,780954.98,2.7
529,Rice,2000,Rabi       ,Andhra Pradesh,1239053,4224208,935.6,121637833,322153.78,2.939090909
530,Safflower,2000,Rabi       ,Andhra Pradesh,16198,6574,935.6,1590157.66,4211.48,0.34
531,Sesamum,2000,Kharif     ,Andhra Pradesh,143737,29348,935.6,14110661.29,37371.62,0.192272727
532,Sesamum,2000,Rabi       ,Andhra Pradesh,39066,7893,935.6,3835109.22,10157.16,0.204444444
533,Small millets,2000,Kharif     ,Andhra Pradesh,64766,38398,935.6,6358078.22,16839.16,0.668125
534,Small millets,2000,Rabi       ,Andhra Pradesh,1961,1449,935.6,192511.37,509.86,0.681666667
535,Sugarcane,2000,Whole Year ,Andhra Pradesh,237150,17690131,935.6,23281015.5,61659,73.8955
536,Sunflower,2000,Kharif     ,Andhra Pradesh,197261,167828,935.6,19365112.37,51287.86,1.038421053
537,Sweet potato,2000,Whole Year ,Andhra Pradesh,1938,25467,935.6,190253.46,503.88,13.93277778
538,Tapioca,2000,Whole Year ,Andhra Pradesh,21506,166124,935.6,2111244.02,5591.56,7.528
539,Tobacco,2000,Whole Year ,Andhra Pradesh,126144,463405,935.6,12383556.48,32797.44,3.364285714
540,Urad,2000,Kharif     ,Andhra Pradesh,99423,28296,935.6,9760355.91,25849.98,0.1615
541,Urad,2000,Rabi       ,Andhra Pradesh,455864,362283,935.6,44752168.88,118524.64,0.655454545
542,Wheat,2000,Rabi       ,Andhra Pradesh,14261,8121,935.6,1400002.37,3707.86,0.581818182
543,Arecanut,2000,Whole Year ,Assam,73237,68261,1965.5,7189676.29,19041.62,0.957391304
544,Arhar/Tur,2000,Kharif     ,Assam,7280,5159,1965.5,714677.6,1892.8,0.714347826
545,Banana,2000,Whole Year ,Assam,42534,590095,1965.5,4175562.78,11058.84,13.73217391
546,Castor seed,2000,Kharif     ,Assam,1662,681,1965.5,163158.54,432.12,0.417619048
547,Coconut ,2000,Whole Year ,Assam,20913,135910000,1965.5,2053029.21,5437.38,5771.352609
548,Cotton(lint),2000,Kharif     ,Assam,1673,760,1965.5,164238.41,434.98,0.426521739
549,Dry chillies,2000,Whole Year ,Assam,14688,9681,1965.5,1441920.96,3818.88,0.637826087
550,Gram,2000,Rabi       ,Assam,2661,1329,1965.5,261230.37,691.86,0.462380952
551,Jute,2000,Kharif     ,Assam,69513,668439,1965.5,6824091.21,18073.38,9.794782609
552,Linseed,2000,Rabi       ,Assam,10206,5278,1965.5,1001923.02,2653.56,0.505238095
553,Maize,2000,Kharif     ,Assam,20241,14616,1965.5,1987058.97,5262.66,0.605652174
554,Mesta,2000,Kharif     ,Assam,5049,24557,1965.5,495660.33,1312.74,4.657368421
555,Niger seed,2000,Kharif     ,Assam,9044,4653,1965.5,887849.48,2351.44,0.627368421
556,Onion,2000,Whole Year ,Assam,7359,17156,1965.5,722433.03,1913.34,2.331304348
557,Other  Rabi pulses,2000,Rabi       ,Assam,101474,55752,1965.5,9961702.58,26383.24,0.52173913
558,Potato,2000,Whole Year ,Assam,80504,668457,1965.5,7903077.68,20931.04,7.459565217
559,Rapeseed &Mustard,2000,Rabi       ,Assam,274459,141231,1965.5,26943640.03,71359.34,0.499565217
560,Rice,2000,Autumn     ,Assam,539665,557764,1965.5,52978913.05,140312.9,1.197826087
561,Rice,2000,Summer     ,Assam,329255,681027,1965.5,32322963.35,85606.3,1.825217391
562,Rice,2000,Winter     ,Assam,1777257,2759652,1965.5,174473319.7,462086.82,1.581304348
563,Sesamum,2000,Kharif     ,Assam,14960,8076,1965.5,1468623.2,3889.6,0.489565217
564,Small millets,2000,Kharif     ,Assam,10591,5410,1965.5,1039718.47,2753.66,0.495454545
565,Sugarcane,2000,Whole Year ,Assam,26768,987696,1965.5,2627814.56,6959.68,36.57217391
566,Sweet potato,2000,Whole Year ,Assam,8757,30351,1965.5,859674.69,2276.82,3.435217391
567,Tapioca,2000,Whole Year ,Assam,2859,13546,1965.5,280668.03,743.34,4.423478261
568,Tobacco,2000,Whole Year ,Assam,1278,624,1965.5,125461.26,332.28,0.584782609
569,Turmeric,2000,Whole Year ,Assam,11626,8032,1965.5,1141324.42,3022.76,0.668695652
570,Wheat,2000,Rabi       ,Assam,70301,85695,1965.5,6901449.17,18278.26,1.175909091
571,Arecanut,2000,Whole Year ,Goa,1600,2500,3886.9,157072,416,1.56
572,Banana,2000,Whole Year ,Goa,2000,14745,3886.9,196340,520,7.37
573,Black pepper,2000,Whole Year ,Goa,480,100,3886.9,47121.6,124.8,0.21
574,Cashewnut,2000,Whole Year ,Goa,53767,21335,3886.9,5278306.39,13979.42,0.4
575,Coconut ,2000,Whole Year ,Goa,25025,125120000,3886.9,2456704.25,6506.5,4999.8
576,Groundnut,2000,Kharif     ,Goa,360,567,3886.9,35341.2,93.6,1.58
577,Groundnut,2000,Rabi       ,Goa,1421,2584,3886.9,139499.57,369.46,1.82
578,Other  Rabi pulses,2000,Rabi       ,Goa,10121,9338,3886.9,993578.57,2631.46,0.92
579,Other Kharif pulses,2000,Kharif     ,Goa,650,314,3886.9,63810.5,169,0.48
580,Ragi,2000,Kharif     ,Goa,500,499,3886.9,49085,130,1
581,Rice,2000,Kharif     ,Goa,41000,96568,3886.9,4024970,10660,2.36
582,Rice,2000,Rabi       ,Goa,16207,45555,3886.9,1591041.19,4213.82,2.81
583,Sugarcane,2000,Whole Year ,Goa,1250,72750,3886.9,122712.5,325,58.2
584,Arecanut,2000,Whole Year ,Karnataka,119093,162741,1213.3,11691359.81,30964.18,1.2925
585,Arhar/Tur,2000,Kharif     ,Karnataka,582763,263533,1213.3,57209843.71,151518.38,0.492083333
586,Bajra,2000,Kharif     ,Karnataka,461048,340498,1213.3,45261082.16,119872.48,0.662352941
587,Bajra,2000,Rabi       ,Karnataka,160,129,1213.3,15707.2,41.6,0.81
588,Bajra,2000,Summer     ,Karnataka,913,998,1213.3,89629.21,237.38,1.11
589,Banana,2000,Whole Year ,Karnataka,35335,649567,1213.3,3468836.95,9187.1,18.36037037
590,Black pepper,2000,Whole Year ,Karnataka,7249,17586,1213.3,711634.33,1884.74,2.263636364
591,Cardamom,2000,Whole Year ,Karnataka,19881,1132,1213.3,1951717.77,5169.06,0.06
592,Castor seed,2000,Kharif     ,Karnataka,30366,38871,1213.3,2981030.22,7895.16,1.31
593,Coconut ,2000,Whole Year ,Karnataka,335996,17624,1213.3,32984727.32,87358.96,4673.661111
594,Coriander,2000,Whole Year ,Karnataka,9829,1467,1213.3,964912.93,2555.54,0.119047619
595,Cotton(lint),2000,Kharif     ,Karnataka,551763,855236,1213.3,54166573.71,143458.38,1.593333333
596,Dry chillies,2000,Whole Year ,Karnataka,172918,151043,1213.3,16975360.06,44958.68,1.049259259
597,Garlic,2000,Whole Year ,Karnataka,5949,4156,1213.3,584013.33,1546.74,1.491333333
598,Ginger,2000,Kharif     ,Karnataka,10758,141587,1213.3,1056112.86,2797.08,12.76823529
599,Gram,2000,Rabi       ,Karnataka,369473,239431,1213.3,36271164.41,96062.98,0.622380952
600,Groundnut,2000,Kharif     ,Karnataka,883611,881807,1213.3,86744091.87,229738.86,0.9464
601,Groundnut,2000,Rabi       ,Karnataka,179804,199299,1213.3,17651358.68,46749.04,1.173846154
602,Horse-gram,2000,Kharif     ,Karnataka,161959,92938,1213.3,15899515.03,42109.34,0.63625
603,Horse-gram,2000,Rabi       ,Karnataka,133213,63457,1213.3,13077520.21,34635.38,0.454583333
604,Jowar,2000,Kharif     ,Karnataka,402962,589793,1213.3,39558779.54,104770.12,1.395238095
605,Jowar,2000,Rabi       ,Karnataka,1373422,945212,1213.3,134828837.7,357089.72,0.674210526
606,Jowar,2000,Summer     ,Karnataka,5878,11916,1213.3,577043.26,1528.28,2.018571429
607,Linseed,2000,Rabi       ,Karnataka,17365,6404,1213.3,1704722.05,4514.9,0.360714286
608,Maize,2000,Kharif     ,Karnataka,599893,1961879,1213.3,58891495.81,155972.18,3.1712
609,Maize,2000,Rabi       ,Karnataka,57797,142674,1213.3,5673931.49,15027.22,2.397368421
610,Maize,2000,Summer     ,Karnataka,11165,31091,1213.3,1096068.05,2902.9,2.774761905
611,Mesta,2000,Kharif     ,Karnataka,4288,6666,1213.3,420952.96,1114.88,1.807142857
612,Moong(Green Gram),2000,Kharif     ,Karnataka,435355,180709,1213.3,42738800.35,113192.3,0.419130435
613,Moong(Green Gram),2000,Rabi       ,Karnataka,15474,4147,1213.3,1519082.58,4023.24,0.26875
614,Niger seed,2000,Kharif     ,Karnataka,43842,8382,1213.3,4303969.14,11398.92,0.213043478
615,Onion,2000,Whole Year ,Karnataka,120358,645357,1213.3,11815544.86,31293.08,6.0164
616,Other  Rabi pulses,2000,Rabi       ,Karnataka,33468,3985,1213.3,3285553.56,8701.68,0.117407407
617,Other Kharif pulses,2000,Kharif     ,Karnataka,169312,51172,1213.3,16621359.04,44021.12,0.2812
618,Potato,2000,Whole Year ,Karnataka,38298,452462,1213.3,3759714.66,9957.48,11.70933333
619,Ragi,2000,Kharif     ,Karnataka,983456,1788947,1213.3,96545875.52,255698.56,1.644
620,Ragi,2000,Rabi       ,Karnataka,28464,25009,1213.3,2794310.88,7400.64,1.385384615
621,Ragi,2000,Summer     ,Karnataka,10781,21376,1213.3,1058370.77,2803.06,1.982857143
622,Rapeseed &Mustard,2000,Rabi       ,Karnataka,7637,2012,1213.3,749724.29,1985.62,0.208888889
623,Rice,2000,Kharif     ,Karnataka,1120549,2792657,1213.3,110004295.3,291342.74,2.357407407
624,Rice,2000,Rabi       ,Karnataka,52005,106335,1213.3,5105330.85,13521.3,2.064615385
625,Rice,2000,Summer     ,Karnataka,310892,947744,1213.3,30520267.64,80831.92,2.751304348
626,Safflower,2000,Rabi       ,Karnataka,93546,72079,1213.3,9183410.82,24321.96,0.764
627,Sannhamp,2000,Whole Year ,Karnataka,1424,354,1213.3,139794.08,370.24,0.285
628,Sesamum,2000,Kharif     ,Karnataka,97589,40039,1213.3,9580312.13,25373.14,0.4372
629,Small millets,2000,Kharif     ,Karnataka,71447,47452,1213.3,7013951.99,18576.22,0.686363636
630,Soyabean,2000,Kharif     ,Karnataka,62553,65266,1213.3,6140828.01,16263.78,1.01
631,Sugarcane,2000,Whole Year ,Karnataka,417141,42923496,1213.3,40950731.97,108456.66,98.80038462
632,Sunflower,2000,Kharif     ,Karnataka,188140,100627,1213.3,18469703.8,48916.4,0.5375
633,Sunflower,2000,Rabi       ,Karnataka,261152,110005,1213.3,25637291.84,67899.52,0.510434783
634,Sunflower,2000,Summer     ,Karnataka,28499,20405,1213.3,2797746.83,7409.74,0.7235
635,Sweet potato,2000,Whole Year ,Karnataka,3501,25771,1213.3,343693.17,910.26,6.222142857
636,Tapioca,2000,Whole Year ,Karnataka,1030,8018,1213.3,101115.1,267.8,9.558571429
637,Tobacco,2000,Whole Year ,Karnataka,70504,52131,1213.3,6921377.68,18331.04,0.722857143
638,Turmeric,2000,Whole Year ,Karnataka,9251,41040,1213.3,908170.67,2405.26,4.298095238
639,Urad,2000,Kharif     ,Karnataka,133729,51657,1213.3,13128175.93,34769.54,0.3965
640,Urad,2000,Rabi       ,Karnataka,11924,4171,1213.3,1170579.08,3100.24,0.363125
641,Wheat,2000,Rabi       ,Karnataka,266310,249880,1213.3,26143652.7,69240.6,0.93375
642,Arecanut,2000,Whole Year ,Kerala,87360,87947,2412.6,8576131.2,22713.6,0.825714286
643,Banana,2000,Whole Year ,Kerala,45059,327955,2412.6,4423442.03,11715.34,7.457857143
644,Black pepper,2000,Whole Year ,Kerala,202133,60929,2412.6,19843396.61,52554.58,0.22
645,Cardamom,2000,Whole Year ,Kerala,41288,7580,2412.6,4053242.96,10734.88,0.055
646,Cashewnut,2000,Whole Year ,Kerala,92122,66178,2412.6,9043616.74,23951.72,0.507857143
647,Coconut ,2000,Whole Year ,Kerala,925783,5536,2412.6,90884117.11,240703.58,5617.002143
648,Cotton(lint),2000,Kharif     ,Kerala,3847,6209,2412.6,377659.99,1000.22,1.61
649,Garlic,2000,Whole Year ,Kerala,538,9146,2412.6,52815.46,139.88,17
650,Ginger,2000,Whole Year ,Kerala,11612,42699,2412.6,1139950.04,3019.12,2.957142857
651,Groundnut,2000,Kharif     ,Kerala,3677,2733,2412.6,360971.09,956.02,0.37
652,Jowar,2000,Kharif     ,Kerala,463,236,2412.6,45452.71,120.38,0.51
653,Ragi,2000,Kharif     ,Kerala,1955,1582,2412.6,191922.35,508.3,0.813333333
654,Rice,2000,Autumn     ,Kerala,129752,260306,2412.6,12737753.84,33735.52,1.938461538
655,Rice,2000,Summer     ,Kerala,55258,154606,2412.6,5424677.86,14367.08,2.23
656,Rice,2000,Winter     ,Kerala,162445,336416,2412.6,15947225.65,42235.7,2.042857143
657,Sesamum,2000,Kharif     ,Kerala,2002,797,2412.6,196536.34,520.52,0.345833333
658,Sugarcane,2000,Whole Year ,Kerala,3367,275550,2412.6,330538.39,875.42,90.19
659,Sweet potato,2000,Whole Year ,Kerala,816,8963,2412.6,80106.72,212.16,11.46615385
660,Tapioca,2000,Whole Year ,Kerala,114609,2586903,2412.6,11251165.53,29798.34,24.29642857
661,Tobacco,2000,Whole Year ,Kerala,213,1186,2412.6,20910.21,55.38,5.57
662,Turmeric,2000,Whole Year ,Kerala,4127,9037,2412.6,405147.59,1073.02,1.905714286
663,Arecanut,2000,Whole Year ,Meghalaya,11184,13721,6258.8,1097933.28,2907.84,1.178571429
664,Arhar/Tur,2000,Kharif     ,Meghalaya,863,641,6258.8,84720.71,224.38,0.78
665,Banana,2000,Whole Year ,Meghalaya,5377,64100,6258.8,527860.09,1398.02,11.36285714
666,Castor seed,2000,Kharif     ,Meghalaya,23,12,6258.8,2257.91,5.98,0.515
667,Cotton(lint),2000,Kharif     ,Meghalaya,7340,7684,6258.8,720567.8,1908.4,1.036666667
668,Dry chillies,2000,Whole Year ,Meghalaya,1810,1146,6258.8,177687.7,470.6,0.651428571
669,Ginger,2000,Kharif     ,Meghalaya,7811,44900,6258.8,766805.87,2030.86,5.897142857
670,Gram,2000,Rabi       ,Meghalaya,463,286,6258.8,45452.71,120.38,0.613333333
671,Jute,2000,Kharif     ,Meghalaya,4220,35816,6258.8,414277.4,1097.2,7.133333333
672,Linseed,2000,Rabi       ,Meghalaya,54,24,6258.8,5301.18,14.04,0.44
673,Maize,2000,Kharif     ,Meghalaya,16906,24250,6258.8,1659662.02,4395.56,1.437142857
674,Mesta,2000,Kharif     ,Meghalaya,4635,21358,6258.8,455017.95,1205.1,4.606666667
675,Other  Rabi pulses,2000,Rabi       ,Meghalaya,2048,1610,6258.8,201052.16,532.48,0.761428571
676,Potato,2000,Whole Year ,Meghalaya,18318,144292,6258.8,1798278.06,4762.68,6.954285714
677,Rapeseed &Mustard,2000,Rabi       ,Meghalaya,7126,4730,6258.8,699559.42,1852.76,0.664285714
678,Rice,2000,Kharif     ,Meghalaya,102657,165907,6258.8,10077837.69,26690.82,1.681428571
679,Rice,2000,Rabi       ,Meghalaya,4003,13135,6258.8,392974.51,1040.78,1.744285714
680,Sesamum,2000,Kharif     ,Meghalaya,1317,694,6258.8,129289.89,342.42,0.614285714
681,Small millets,2000,Kharif     ,Meghalaya,2800,2266,6258.8,274876,728,0.864285714
682,Soyabean,2000,Kharif     ,Meghalaya,983,914,6258.8,96501.11,255.58,0.91
683,Sugarcane,2000,Whole Year ,Meghalaya,86,237,6258.8,8442.62,22.36,2.288
684,Sweet potato,2000,Whole Year ,Meghalaya,5143,17363,6258.8,504888.31,1337.18,3.431428571
685,Tapioca,2000,Whole Year ,Meghalaya,4110,21879,6258.8,403478.7,1068.6,5.98
686,Tobacco,2000,Whole Year ,Meghalaya,700,470,6258.8,68719,182,0.64
687,Turmeric,2000,Whole Year ,Meghalaya,1523,8565,6258.8,149512.91,395.98,5.464285714
688,Wheat,2000,Rabi       ,Meghalaya,4215,6892,6258.8,413786.55,1095.9,1.395
689,Arecanut,2000,Whole Year ,Puducherry,65,130,1434.5875,6381.05,16.9,2
690,Bajra,2000,Kharif     ,Puducherry,186,513,1434.5875,18259.62,48.36,2.76
691,Banana,2000,Whole Year ,Puducherry,239,7532,1434.5875,23462.63,62.14,26.25
692,Black pepper,2000,Whole Year ,Puducherry,12,7,1434.5875,1178.04,3.12,0.58
693,Cashewnut,2000,Whole Year ,Puducherry,202,121,1434.5875,19830.34,52.52,0.603333333
694,Coconut ,2000,Whole Year ,Puducherry,2233,24698000,1434.5875,219213.61,580.58,11937.4475
695,Coriander,2000,Whole Year ,Puducherry,1,1,1434.5875,98.17,0.26,1
696,Cotton(lint),2000,Kharif     ,Puducherry,452,2300,1434.5875,44372.84,117.52,5.11
697,Dry chillies,2000,Whole Year ,Puducherry,10,33,1434.5875,981.7,2.6,2.6775
698,Ginger,2000,Kharif     ,Puducherry,227,117,1434.5875,22284.59,59.02,0.54
699,Groundnut,2000,Kharif     ,Puducherry,1175,2158,1434.5875,115349.75,305.5,1.62
700,Jowar,2000,Kharif     ,Puducherry,6,6,1434.5875,589.02,1.56,1
701,Moong(Green Gram),2000,Kharif     ,Puducherry,2480,1400,1434.5875,243461.6,644.8,0.586666667
702,Moong(Green Gram),2000,Rabi       ,Puducherry,2480,1400,1434.5875,243461.6,644.8,0.586666667
703,Onion,2000,Whole Year ,Puducherry,13,202,1434.5875,1276.21,3.38,15.54
704,Other  Rabi pulses,2000,Rabi       ,Puducherry,64,125,1434.5875,6282.88,16.64,1.18
705,Ragi,2000,Kharif     ,Puducherry,125,276,1434.5875,12271.25,32.5,2.21
706,Rapeseed &Mustard,2000,Rabi       ,Puducherry,63,452,1434.5875,6184.71,16.38,6.265
707,Rice,2000,Kharif     ,Puducherry,42779,103606,1434.5875,4199614.43,11122.54,2.605
708,Sugarcane,2000,Whole Year ,Puducherry,2464,200413,1434.5875,241890.88,640.64,81.17
709,Tapioca,2000,Whole Year ,Puducherry,342,9685,1434.5875,33574.14,88.92,18.69
710,Urad,2000,Kharif     ,Puducherry,3392,2123,1434.5875,332992.64,881.92,0.706666667
711,Urad,2000,Rabi       ,Puducherry,3392,2123,1434.5875,332992.64,881.92,0.706666667
712,Arecanut,2000,Whole Year ,West Bengal,7773,12191,1907.7,763075.41,2020.98,1.84
713,Arhar/Tur,2000,Kharif     ,West Bengal,8868,5930,1907.7,870571.56,2305.68,0.686153846
714,Bajra,2000,Kharif     ,West Bengal,313,256,1907.7,30727.21,81.38,0.8875
715,Barley,2000,Rabi       ,West Bengal,3471,1820,1907.7,340748.07,902.46,0.62
716,Castor seed,2000,Kharif     ,West Bengal,100,127,1907.7,9817,26,1.27
717,Coconut ,2000,Whole Year ,West Bengal,24511,330524800,1907.7,2406244.87,6372.86,13234.92556
718,Cotton(lint),2000,Kharif     ,West Bengal,1188,2732,1907.7,116625.96,308.88,2.3
719,Dry chillies,2000,Whole Year ,West Bengal,61498,54971,1907.7,6037258.66,15989.48,0.941111111
720,Ginger,2000,Kharif     ,West Bengal,9328,18898,1907.7,915729.76,2425.28,1.524444444
721,Gram,2000,Rabi       ,West Bengal,54685,50170,1907.7,5368426.45,14218.1,0.806428571
722,Groundnut,2000,Kharif     ,West Bengal,2020,1594,1907.7,198303.4,525.2,0.968333333
723,Groundnut,2000,Rabi       ,West Bengal,8513,12379,1907.7,835721.21,2213.38,1.37
724,Groundnut,2000,Summer     ,West Bengal,25741,39433,1907.7,2526993.97,6692.66,1.355625
725,Horse-gram,2000,Rabi       ,West Bengal,4311,2164,1907.7,423210.87,1120.86,0.49
726,Jowar,2000,Kharif     ,West Bengal,1016,521,1907.7,99740.72,264.16,0.578333333
727,Jute,2000,Kharif     ,West Bengal,612994,7428400,1907.7,60177620.98,159378.44,13.52411765
728,Khesari,2000,Rabi       ,West Bengal,40018,42090,1907.7,3928567.06,10404.68,1.001875
729,Linseed,2000,Rabi       ,West Bengal,11869,3972,1907.7,1165179.73,3085.94,0.460769231
730,Maize,2000,Kharif     ,West Bengal,35267,88264,1907.7,3462161.39,9169.42,2.568571429
731,Masoor,2000,Rabi       ,West Bengal,75994,68500,1907.7,7460330.98,19758.44,0.87625
732,Mesta,2000,Kharif     ,West Bengal,10891,83630,1907.7,1069169.47,2831.66,6.860833333
733,Moong(Green Gram),2000,Kharif     ,West Bengal,635,308,1907.7,62337.95,165.1,0.498571429
734,Moong(Green Gram),2000,Rabi       ,West Bengal,2410,1402,1907.7,236589.7,626.6,0.583636364
735,Moong(Green Gram),2000,Summer     ,West Bengal,8197,4809,1907.7,804699.49,2131.22,0.544666667
736,Niger seed,2000,Kharif     ,West Bengal,6874,3702,1907.7,674820.58,1787.24,0.405555556
737,Other Kharif pulses,2000,Kharif     ,West Bengal,825,409,1907.7,80990.25,214.5,0.548333333
738,Peas & beans (Pulses),2000,Rabi       ,West Bengal,7338,6111,1907.7,720371.46,1907.88,0.843333333
739,Potato,2000,Whole Year ,West Bengal,299664,7673130,1907.7,29418014.88,77912.64,22.39388889
740,Ragi,2000,Kharif     ,West Bengal,12651,15242,1907.7,1241948.67,3289.26,0.926
741,Rapeseed &Mustard,2000,Rabi       ,West Bengal,435998,417020,1907.7,42801923.66,113359.48,0.841666667
742,Rice,2000,Autumn     ,West Bengal,393944,683950,1907.7,38673482.48,102425.44,1.648333333
743,Rice,2000,Summer     ,West Bengal,1401841,4541328,1907.7,137618731,364478.66,3.021111111
744,Rice,2000,Winter     ,West Bengal,3639538,7202760,1907.7,357293445.5,946279.88,1.876111111
745,Safflower,2000,Rabi       ,West Bengal,29,9,1907.7,2846.93,7.54,0.3
746,Sannhamp,2000,Whole Year ,West Bengal,1519,7064,1907.7,149120.23,394.94,4.527142857
747,Sesamum,2000,Whole Year ,West Bengal,107161,92276,1907.7,10519995.37,27861.86,0.736111111
748,Small millets,2000,Kharif     ,West Bengal,3061,1625,1907.7,300498.37,795.86,0.682857143
749,Small millets,2000,Rabi       ,West Bengal,1285,1308,1907.7,126148.45,334.1,0.946666667
750,Soyabean,2000,Kharif     ,West Bengal,538,322,1907.7,52815.46,139.88,0.5775
751,Sugarcane,2000,Whole Year ,West Bengal,21609,1465550,1907.7,2121355.53,5618.34,67.08461538
752,Sunflower,2000,Kharif     ,West Bengal,246,156,1907.7,24149.82,63.96,1.276666667
753,Tobacco,2000,Whole Year ,West Bengal,10456,5703,1907.7,1026465.52,2718.56,0.598
754,Turmeric,2000,Whole Year ,West Bengal,13885,22445,1907.7,1363090.45,3610.1,1.536111111
755,Urad,2000,Kharif     ,West Bengal,56233,27815,1907.7,5520393.61,14620.58,0.462222222
756,Urad,2000,Rabi       ,West Bengal,13860,8813,1907.7,1360636.2,3603.6,0.612307692
757,Wheat,2000,Rabi       ,West Bengal,426000,1057610,1907.7,41820420,110760,2.330555556
758,Arecanut,2001,Whole Year ,Andhra Pradesh,268,449,928.4,27370.84,69.68,1.71
759,Arhar/Tur,2001,Kharif     ,Andhra Pradesh,414401,185620,928.4,42322774.13,107744.26,0.465
760,Arhar/Tur,2001,Rabi       ,Andhra Pradesh,5439,2706,928.4,555485.07,1414.14,0.46
761,Bajra,2001,Kharif     ,Andhra Pradesh,81851,63589,928.4,8359442.63,21281.26,0.851764706
762,Bajra,2001,Rabi       ,Andhra Pradesh,9684,7442,928.4,989026.92,2517.84,0.795
763,Banana,2001,Whole Year ,Andhra Pradesh,50507,761365,928.4,5158279.91,13131.82,11.73363636
764,Cashewnut,2001,Whole Year ,Andhra Pradesh,147370,38729,928.4,15050898.1,38316.2,0.236
765,Castor seed,2001,Kharif     ,Andhra Pradesh,283585,82983,928.4,28962536.05,73732.1,0.296842105
766,Coconut ,2001,Whole Year ,Andhra Pradesh,104244,1124969850,928.4,10646439.72,27103.44,9057.671111
767,Coriander,2001,Whole Year ,Andhra Pradesh,57913,22711,928.4,5914654.69,15057.38,0.531176471
768,Cotton(lint),2001,Kharif     ,Andhra Pradesh,1107852,1876698,928.4,113144924.8,288041.52,1.820454545
769,Dry chillies,2001,Kharif     ,Andhra Pradesh,170661,463307,928.4,17429607.93,44371.86,2.497272727
770,Dry chillies,2001,Rabi       ,Andhra Pradesh,54167,128104,928.4,5532075.71,14083.42,2.276363636
771,Ginger,2001,Whole Year ,Andhra Pradesh,2547,6263,928.4,260125.11,662.22,2.4375
772,Gram,2001,Kharif     ,Andhra Pradesh,91,101,928.4,9293.83,23.66,1.092857143
773,Gram,2001,Rabi       ,Andhra Pradesh,285086,363033,928.4,29115833.18,74122.36,1.419
774,Groundnut,2001,Kharif     ,Andhra Pradesh,1438665,817551,928.4,146930856.5,374052.9,0.83
775,Groundnut,2001,Rabi       ,Andhra Pradesh,252453,432682,928.4,25783024.89,65637.78,1.765454545
776,Horse-gram,2001,Kharif     ,Andhra Pradesh,11412,4417,928.4,1165507.56,2967.12,0.368888889
777,Horse-gram,2001,Rabi       ,Andhra Pradesh,68927,34846,928.4,7039514.51,17921.02,0.458095238
778,Jowar,2001,Kharif     ,Andhra Pradesh,299306,287310,928.4,30568121.78,77819.56,0.838095238
779,Jowar,2001,Rabi       ,Andhra Pradesh,340023,346741,928.4,34726548.99,88405.98,0.854090909
780,Linseed,2001,Rabi       ,Andhra Pradesh,5872,1419,928.4,599707.36,1526.72,0.218333333
781,Maize,2001,Kharif     ,Andhra Pradesh,337533,986011,928.4,34472245.29,87758.58,2.801818182
782,Maize,2001,Rabi       ,Andhra Pradesh,90752,470744,928.4,9268501.76,23595.52,5.592857143
783,Mesta,2001,Kharif     ,Andhra Pradesh,78942,671542,928.4,8062346.46,20524.92,8.370909091
784,Moong(Green Gram),2001,Kharif     ,Andhra Pradesh,338337,113312,928.4,34554357.81,87967.62,0.408636364
785,Moong(Green Gram),2001,Rabi       ,Andhra Pradesh,137698,42031,928.4,14063096.74,35801.48,0.351
786,Niger seed,2001,Kharif     ,Andhra Pradesh,19090,8017,928.4,1949661.7,4963.4,0.38
787,Onion,2001,Kharif     ,Andhra Pradesh,17736,234978,928.4,1811377.68,4611.36,12.74411765
788,Onion,2001,Rabi       ,Andhra Pradesh,14089,324477,928.4,1438909.57,3663.14,21.08136364
789,Other  Rabi pulses,2001,Rabi       ,Andhra Pradesh,13750,5012,928.4,1404287.5,3575,0.510666667
790,Other Kharif pulses,2001,Kharif     ,Andhra Pradesh,17331,4573,928.4,1770015.03,4506.06,0.314210526
791,Potato,2001,Whole Year ,Andhra Pradesh,2348,14653,928.4,239801.24,610.48,5.85
792,Ragi,2001,Kharif     ,Andhra Pradesh,68733,80097,928.4,7019701.29,17870.58,1.252666667
793,Ragi,2001,Rabi       ,Andhra Pradesh,12994,22707,928.4,1327077.22,3378.44,1.738
794,Rapeseed &Mustard,2001,Rabi       ,Andhra Pradesh,2452,790,928.4,250422.76,637.52,0.3275
795,Rice,2001,Kharif     ,Andhra Pradesh,2426073,6500545,928.4,247774835.5,630778.98,2.627272727
796,Rice,2001,Rabi       ,Andhra Pradesh,1398674,4889246,928.4,142846575.6,363655.24,3.025909091
797,Safflower,2001,Rabi       ,Andhra Pradesh,19728,5920,928.4,2014820.64,5129.28,0.303
798,Sesamum,2001,Kharif     ,Andhra Pradesh,92861,16651,928.4,9483893.93,24143.86,0.168095238
799,Sesamum,2001,Rabi       ,Andhra Pradesh,39475,10049,928.4,4031581.75,10263.5,0.283684211
800,Small millets,2001,Kharif     ,Andhra Pradesh,56370,33223,928.4,5757068.1,14656.2,0.469285714
801,Small millets,2001,Rabi       ,Andhra Pradesh,931,760,928.4,95083.03,242.06,0.732
802,Sugarcane,2001,Whole Year ,Andhra Pradesh,218298,18081889,928.4,22294774.74,56757.48,84.989
803,Sunflower,2001,Kharif     ,Andhra Pradesh,267613,219397,928.4,27331315.69,69579.38,0.986111111
804,Sweet potato,2001,Whole Year ,Andhra Pradesh,1945,25810,928.4,198642.85,505.7,14.05764706
805,Tapioca,2001,Whole Year ,Andhra Pradesh,17694,146361,928.4,1807088.22,4600.44,7.83
806,Tobacco,2001,Whole Year ,Andhra Pradesh,188936,418057,928.4,19296033.68,49123.36,2.97047619
807,Urad,2001,Kharif     ,Andhra Pradesh,107061,44570,928.4,10934139.93,27835.86,0.388095238
808,Urad,2001,Rabi       ,Andhra Pradesh,519831,338499,928.4,53090340.03,135156.06,0.439545455
809,Wheat,2001,Rabi       ,Andhra Pradesh,13793,9486,928.4,1408679.09,3586.18,0.6275
810,Arecanut,2001,Whole Year ,Assam,73223,69663,1824.7,7478264.99,19037.98,0.985652174
811,Arhar/Tur,2001,Kharif     ,Assam,7236,5125,1824.7,739012.68,1881.36,0.709130435
812,Banana,2001,Whole Year ,Assam,43600,606192,1824.7,4452868,11336,13.77652174
813,Castor seed,2001,Kharif     ,Assam,1636,671,1824.7,167084.68,425.36,0.42952381
814,Coconut ,2001,Whole Year ,Assam,21067,163597000,1824.7,2151572.71,5477.42,7700.721304
815,Cotton(lint),2001,Kharif     ,Assam,1882,860,1824.7,192208.66,489.32,0.443913043
816,Dry chillies,2001,Whole Year ,Assam,14732,9647,1824.7,1504579.16,3830.32,0.637826087
817,Gram,2001,Rabi       ,Assam,2463,1295,1824.7,251546.19,640.38,0.466190476
818,Jute,2001,Kharif     ,Assam,68178,674603,1824.7,6963019.14,17726.28,9.675652174
819,Linseed,2001,Rabi       ,Assam,9972,5114,1824.7,1018440.36,2592.72,0.505714286
820,Maize,2001,Kharif     ,Assam,19600,13940,1824.7,2001748,5096,0.608695652
821,Masoor,2001,Rabi       ,Assam,21308,11217,1824.7,2176186.04,5540.08,0.511904762
822,Mesta,2001,Kharif     ,Assam,4969,24484,1824.7,507483.97,1291.94,4.6045
823,Moong(Green Gram),2001,Rabi       ,Assam,8206,3740,1824.7,838078.78,2133.56,0.44173913
824,Niger seed,2001,Kharif     ,Assam,8914,4567,1824.7,910386.82,2317.64,0.532777778
825,Onion,2001,Whole Year ,Assam,7476,17453,1824.7,763523.88,1943.76,2.351304348
826,Other  Rabi pulses,2001,Rabi       ,Assam,108818,59768,1824.7,11113582.34,28292.68,0.529130435
827,Peas & beans (Pulses),2001,Rabi       ,Assam,24375,14305,1824.7,2489418.75,6337.5,0.587826087
828,Potato,2001,Whole Year ,Assam,80056,620571,1824.7,8176119.28,20814.56,7.350869565
829,Rapeseed &Mustard,2001,Rabi       ,Assam,272323,137056,1824.7,27812347.99,70803.98,0.479130435
830,Rice,2001,Autumn     ,Assam,495698,487719,1824.7,50625636.74,128881.48,1.120434783
831,Rice,2001,Summer     ,Assam,325987,653036,1824.7,33293052.31,84756.62,1.806521739
832,Rice,2001,Winter     ,Assam,1714736,2713493,1824.7,175125987.7,445831.36,1.600434783
833,Sesamum,2001,Kharif     ,Assam,14738,8054,1824.7,1505191.94,3831.88,0.489565217
834,Small millets,2001,Kharif     ,Assam,8480,4403,1824.7,866062.4,2204.8,0.49173913
835,Sugarcane,2001,Whole Year ,Assam,27166,1011398,1824.7,2774463.58,7063.16,37.2173913
836,Sweet potato,2001,Whole Year ,Assam,8343,28665,1824.7,852070.59,2169.18,3.326956522
837,Tapioca,2001,Whole Year ,Assam,2904,13710,1824.7,296585.52,755.04,4.384347826
838,Tobacco,2001,Whole Year ,Assam,1195,593,1824.7,122045.35,310.7,0.600434783
839,Turmeric,2001,Whole Year ,Assam,11812,8164,1824.7,1206359.56,3071.12,0.672173913
840,Urad,2001,Rabi       ,Assam,41785,23243,1824.7,4267502.05,10864.1,0.55173913
841,Wheat,2001,Rabi       ,Assam,72245,85300,1824.7,7378381.85,18783.7,1.185217391
842,Arecanut,2001,Whole Year ,Goa,1600,2500,2530.6,163408,416,1.56
843,Banana,2001,Whole Year ,Goa,2100,15482,2530.6,214473,546,7.37
844,Black pepper,2001,Whole Year ,Goa,573,100,2530.6,58520.49,148.98,0.17
845,Cashewnut,2001,Whole Year ,Goa,54060,22976,2530.6,5521147.8,14055.6,0.43
846,Coconut ,2001,Whole Year ,Goa,25025,125120000,2530.6,2555803.25,6506.5,4999.8
847,Groundnut,2001,Kharif     ,Goa,148,137,2530.6,15115.24,38.48,0.93
848,Groundnut,2001,Rabi       ,Goa,1515,2390,2530.6,154726.95,393.9,1.58
849,Other  Rabi pulses,2001,Rabi       ,Goa,8944,8085,2530.6,913450.72,2325.44,0.9
850,Other Kharif pulses,2001,Kharif     ,Goa,505,283,2530.6,51575.65,131.3,0.56
851,Ragi,2001,Kharif     ,Goa,315,315,2530.6,32170.95,81.9,1
852,Rice,2001,Kharif     ,Goa,32746,79071,2530.6,3344348.98,8513.96,2.41
853,Rice,2001,Rabi       ,Goa,16637,47452,2530.6,1699136.81,4325.62,2.85
854,Sugarcane,2001,Whole Year ,Goa,1205,70565,2530.6,123066.65,313.3,58.56
855,Arecanut,2001,Whole Year ,Karnataka,136065,182800,1002.9,13896318.45,35376.9,1.292
856,Arhar/Tur,2001,Kharif     ,Karnataka,482100,147437,1002.9,49236873,125346,0.37625
857,Bajra,2001,Kharif     ,Karnataka,208213,111091,1002.9,21264793.69,54135.38,0.510666667
858,Bajra,2001,Rabi       ,Karnataka,442,221,1002.9,45141.46,114.92,0.5
859,Bajra,2001,Summer     ,Karnataka,850,929,1002.9,86810.5,221,1.09
860,Black pepper,2001,Whole Year ,Karnataka,9699,22185,1002.9,990558.87,2521.74,2.213846154
861,Castor seed,2001,Kharif     ,Karnataka,21799,16137,1002.9,2226331.87,5667.74,0.704
862,Coconut ,2001,Whole Year ,Karnataka,369828,1503638,1002.9,37770533.64,96155.28,4164.951481
863,Coriander,2001,Whole Year ,Karnataka,11307,1845,1002.9,1154783.91,2939.82,0.116818182
864,Cotton(lint),2001,Kharif     ,Karnataka,608479,612415,1002.9,62143960.27,158204.54,1.221428571
865,Dry chillies,2001,Whole Year ,Karnataka,193067,126395,1002.9,19717932.71,50197.42,1.082962963
866,Ginger,2001,Kharif     ,Karnataka,10677,140539,1002.9,1090442.01,2776.02,12.86277778
867,Gram,2001,Rabi       ,Karnataka,479703,281635,1002.9,48992067.39,124722.78,0.534090909
868,Groundnut,2001,Kharif     ,Karnataka,854741,585707,1002.9,87294698.33,222232.66,0.843846154
869,Horse-gram,2001,Kharif     ,Karnataka,155207,81931,1002.9,15851290.91,40353.82,0.5225
870,Horse-gram,2001,Rabi       ,Karnataka,188076,67105,1002.9,19208201.88,48899.76,0.3728
871,Jowar,2001,Kharif     ,Karnataka,303308,379303,1002.9,30976846.04,78860.08,1.202857143
872,Jowar,2001,Rabi       ,Karnataka,1481089,980378,1002.9,151263619.6,385083.14,0.604736842
873,Jowar,2001,Summer     ,Karnataka,6418,12385,1002.9,655470.34,1668.68,1.951538462
874,Linseed,2001,Rabi       ,Karnataka,19611,6581,1002.9,2002871.43,5098.86,0.329285714
875,Maize,2001,Kharif     ,Karnataka,505574,1274858,1002.9,51634272.62,131449.24,2.663333333
876,Maize,2001,Rabi       ,Karnataka,65189,152769,1002.9,6657752.57,16949.14,2.279
877,Maize,2001,Summer     ,Karnataka,9272,23960,1002.9,946949.36,2410.72,2.6265
878,Mesta,2001,Kharif     ,Karnataka,3668,5195,1002.9,374612.84,953.68,1.94375
879,Moong(Green Gram),2001,Kharif     ,Karnataka,251332,65336,1002.9,25668537.16,65346.32,0.31826087
880,Moong(Green Gram),2001,Rabi       ,Karnataka,7111,2090,1002.9,726246.43,1848.86,0.282941176
881,Niger seed,2001,Kharif     ,Karnataka,36198,7034,1002.9,3696901.74,9411.48,0.213043478
882,Onion,2001,Whole Year ,Karnataka,125815,721033,1002.9,12849485.95,32711.9,7.9108
883,Other  Rabi pulses,2001,Rabi       ,Karnataka,29824,3478,1002.9,3045925.12,7754.24,0.12037037
884,Other Kharif pulses,2001,Kharif     ,Karnataka,137310,42618,1002.9,14023470.3,35700.6,0.2764
885,Peas & beans (Pulses),2001,Whole Year ,Karnataka,6974,42197,1002.9,712254.62,1813.24,6.209444444
886,Potato,2001,Whole Year ,Karnataka,39156,473407,1002.9,3999002.28,10180.56,12.815
887,Ragi,2001,Kharif     ,Karnataka,903752,1478594,1002.9,92300191.76,234975.52,1.457368421
888,Ragi,2001,Rabi       ,Karnataka,40407,46560,1002.9,4126766.91,10505.82,1.212307692
889,Ragi,2001,Summer     ,Karnataka,9271,14154,1002.9,946847.23,2410.46,1.545833333
890,Rapeseed &Mustard,2001,Rabi       ,Karnataka,7063,1905,1002.9,721344.19,1836.38,0.221764706
891,Rice,2001,Kharif     ,Karnataka,1087967,2393946,1002.9,111114069.7,282871.42,2.154814815
892,Rice,2001,Rabi       ,Karnataka,53480,99699,1002.9,5461912.4,13904.8,1.840714286
893,Rice,2001,Summer     ,Karnataka,276277,740400,1002.9,28216170.01,71832.02,2.4368
894,Safflower,2001,Rabi       ,Karnataka,92029,72794,1002.9,9398921.77,23927.54,0.714666667
895,Sannhamp,2001,Whole Year ,Karnataka,2555,634,1002.9,260942.15,664.3,0.238333333
896,Sesamum,2001,Kharif     ,Karnataka,73064,27086,1002.9,7462026.32,18996.64,0.386
897,Small millets,2001,Kharif     ,Karnataka,70091,36856,1002.9,7158393.83,18223.66,0.609545455
898,Soyabean,2001,Kharif     ,Karnataka,48444,40217,1002.9,4947585.72,12595.44,0.808
899,Sugarcane,2001,Whole Year ,Karnataka,406950,33016618,1002.9,41561803.5,105807,84.00269231
900,Sunflower,2001,Kharif     ,Karnataka,124184,59516,1002.9,12682911.92,32287.84,0.520833333
901,Sunflower,2001,Rabi       ,Karnataka,418198,168890,1002.9,42710561.74,108731.48,0.556363636
902,Sunflower,2001,Summer     ,Karnataka,41936,34270,1002.9,4282923.68,10903.36,0.820526316
903,Turmeric,2001,Whole Year ,Karnataka,7058,36369,1002.9,720833.54,1835.08,4.797272727
904,Urad,2001,Kharif     ,Karnataka,150588,55626,1002.9,15379552.44,39152.88,0.347619048
905,Urad,2001,Rabi       ,Karnataka,11853,4448,1002.9,1210546.89,3081.78,0.347142857
906,Wheat,2001,Rabi       ,Karnataka,260486,198822,1002.9,26603435.18,67726.36,0.777333333
907,Arecanut,2001,Whole Year ,Kerala,93193,84679,2946.7,9517801.09,24230.18,0.772857143
908,Banana,2001,Whole Year ,Kerala,50871,375903,2946.7,5195455.23,13226.46,7.347857143
909,Black pepper,2001,Whole Year ,Kerala,203956,58240,2946.7,20830026.28,53028.56,0.214285714
910,Cardamom,2001,Whole Year ,Kerala,41336,8380,2946.7,4221645.68,10747.36,0.057272727
911,Cashewnut,2001,Whole Year ,Kerala,89718,65867,2946.7,9162899.34,23326.68,0.525
912,Coconut ,2001,Whole Year ,Kerala,905718,547900,2946.7,92500979.34,235486.68,5636.355
913,Cotton(lint),2001,Kharif     ,Kerala,3760,6069,2946.7,384008.8,977.6,1.61
914,Garlic,2001,Whole Year ,Kerala,293,4981,2946.7,29924.09,76.18,17
915,Ginger,2001,Whole Year ,Kerala,10706,40181,2946.7,1093403.78,2783.56,3.167857143
916,Groundnut,2001,Kharif     ,Kerala,2437,1812,2946.7,248890.81,633.62,0.74
917,Jowar,2001,Kharif     ,Kerala,2902,1478,2946.7,296381.26,754.52,0.4025
918,Ragi,2001,Kharif     ,Kerala,1947,1575,2946.7,198847.11,506.22,0.766666667
919,Rice,2001,Autumn     ,Kerala,116540,235838,2946.7,11902230.2,30300.4,1.886923077
920,Rice,2001,Summer     ,Kerala,43850,105032,2946.7,4478400.5,11401,2.151428571
921,Rice,2001,Winter     ,Kerala,161978,362634,2946.7,16542813.14,42114.28,2.153571429
922,Sesamum,2001,Kharif     ,Kerala,878,284,2946.7,89670.14,228.28,0.325
923,Sugarcane,2001,Whole Year ,Kerala,3267,269780,2946.7,333658.71,849.42,88.77583333
924,Sweet potato,2001,Whole Year ,Kerala,747,8672,2946.7,76291.11,194.22,11.49153846
925,Tapioca,2001,Whole Year ,Kerala,111189,2455880,2946.7,11355732.57,28909.14,23.09642857
926,Tobacco,2001,Whole Year ,Kerala,71,395,2946.7,7251.23,18.46,5.56
927,Turmeric,2001,Whole Year ,Kerala,3558,7895,2946.7,363378.54,925.08,2.066428571
928,Arecanut,2001,Whole Year ,Meghalaya,11128,14101,4241,1136502.64,2893.28,1.185714286
929,Arhar/Tur,2001,Kharif     ,Meghalaya,818,631,4241,83542.34,212.68,0.793333333
930,Castor seed,2001,Kharif     ,Meghalaya,25,13,4241,2553.25,6.5,0.5
931,Cotton(lint),2001,Kharif     ,Meghalaya,7323,7873,4241,747897.99,1903.98,1.05
932,Dry chillies,2001,Whole Year ,Meghalaya,1825,1158,4241,186387.25,474.5,0.655714286
933,Ginger,2001,Kharif     ,Meghalaya,8897,36590,4241,908650.61,2313.22,5.837142857
934,Gram,2001,Rabi       ,Meghalaya,489,299,4241,49941.57,127.14,0.583333333
935,Jute,2001,Kharif     ,Meghalaya,4061,25057,4241,414749.93,1055.86,6.236666667
936,Maize,2001,Kharif     ,Meghalaya,16866,25247,4241,1722524.58,4385.16,1.471428571
937,Mesta,2001,Kharif     ,Meghalaya,4550,24526,4241,464691.5,1183,4.96
938,Potato,2001,Whole Year ,Meghalaya,18151,159032,4241,1853761.63,4719.26,7.288571429
939,Rapeseed &Mustard,2001,Rabi       ,Meghalaya,7156,4782,4241,730842.28,1860.56,0.581428571
940,Rice,2001,Kharif     ,Meghalaya,107761,188971,4241,11005630.93,28017.86,1.751428571
941,Sesamum,2001,Kharif     ,Meghalaya,1331,694,4241,135935.03,346.06,0.568571429
942,Small millets,2001,Kharif     ,Meghalaya,2720,2152,4241,277793.6,707.2,0.847142857
943,Soyabean,2001,Kharif     ,Meghalaya,981,939,4241,100189.53,255.06,0.912857143
944,Sugarcane,2001,Whole Year ,Meghalaya,83,226,4241,8476.79,21.58,2.278
945,Sweet potato,2001,Whole Year ,Meghalaya,4942,16627,4241,504726.46,1284.92,3.447142857
946,Tapioca,2001,Whole Year ,Meghalaya,3971,20637,4241,405558.23,1032.46,6.401428571
947,Tobacco,2001,Whole Year ,Meghalaya,728,480,4241,74350.64,189.28,0.562
948,Turmeric,2001,Whole Year ,Meghalaya,1523,8577,4241,155543.99,395.98,5.511428571
949,Wheat,2001,Rabi       ,Meghalaya,2753,4812,4241,281163.89,715.78,1.455
950,Arecanut,2001,Whole Year ,Puducherry,65,137,1434.5875,6638.45,16.9,2.11
951,Bajra,2001,Kharif     ,Puducherry,162,345,1434.5875,16545.06,42.12,2.13
952,Banana,2001,Whole Year ,Puducherry,225,7461,1434.5875,22979.25,58.5,25.375
953,Black pepper,2001,Whole Year ,Puducherry,12,11,1434.5875,1225.56,3.12,0.92
954,Cashewnut,2001,Whole Year ,Puducherry,191,134,1434.5875,19506.83,49.66,1.063333333
955,Coconut ,2001,Whole Year ,Puducherry,2282,22204000,1434.5875,233060.66,593.32,9725.08
956,Coriander,2001,Whole Year ,Puducherry,2,1,1434.5875,204.26,0.52,0.5
957,Cotton(lint),2001,Kharif     ,Puducherry,575,2965,1434.5875,58724.75,149.5,5.23
958,Ginger,2001,Kharif     ,Puducherry,171,89,1434.5875,17464.23,44.46,0.375
959,Groundnut,2001,Kharif     ,Puducherry,1229,1915,1434.5875,125517.77,319.54,1.195
960,Moong(Green Gram),2001,Rabi       ,Puducherry,544,105,1434.5875,55558.72,141.44,0.236666667
961,Onion,2001,Whole Year ,Puducherry,16,251,1434.5875,1634.08,4.16,15.69
962,Other  Rabi pulses,2001,Rabi       ,Puducherry,116,91,1434.5875,11847.08,30.16,0.68
963,Ragi,2001,Kharif     ,Puducherry,138,325,1434.5875,14093.94,35.88,2.36
964,Rapeseed &Mustard,2001,Rabi       ,Puducherry,71,530,1434.5875,7251.23,18.46,6.345
965,Rice,2001,Kharif     ,Puducherry,26263,66868,1434.5875,2682240.19,6828.38,2.415
966,Sugarcane,2001,Whole Year ,Puducherry,2117,197412,1434.5875,216209.21,550.42,91.64
967,Tapioca,2001,Whole Year ,Puducherry,464,15540,1434.5875,47388.32,120.64,21.5
968,Urad,2001,Rabi       ,Puducherry,811,267,1434.5875,82827.43,210.86,0.423333333
969,Arecanut,2001,Whole Year ,West Bengal,9276,14885,1556.6,947357.88,2411.76,1.861764706
970,Arhar/Tur,2001,Kharif     ,West Bengal,3938,3268,1556.6,402187.94,1023.88,0.816923077
971,Bajra,2001,Kharif     ,West Bengal,425,322,1556.6,43405.25,110.5,0.855
972,Barley,2001,Rabi       ,West Bengal,2622,2825,1556.6,267784.86,681.72,1.0675
973,Cardamom,2001,Whole Year ,West Bengal,2875,704,1556.6,293623.75,747.5,0.24
974,Castor seed,2001,Kharif     ,West Bengal,80,73,1556.6,8170.4,20.8,0.91
975,Coconut ,2001,Whole Year ,West Bengal,38404,3316,1556.6,3922200.52,9985.04,12368.60944
976,Cotton(lint),2001,Kharif     ,West Bengal,1795,4481,1556.6,183323.35,466.7,1.993333333
977,Dry chillies,2001,Whole Year ,West Bengal,60998,54530,1556.6,6229725.74,15859.48,0.937777778
978,Ginger,2001,Kharif     ,West Bengal,8133,16070,1556.6,830623.29,2114.58,1.52
979,Gram,2001,Rabi       ,West Bengal,50832,43235,1556.6,5191472.16,13216.32,0.819285714
980,Groundnut,2001,Kharif     ,West Bengal,2197,2126,1556.6,224379.61,571.22,1.16625
981,Groundnut,2001,Rabi       ,West Bengal,8679,11650,1556.6,886386.27,2256.54,1.285384615
982,Groundnut,2001,Summer     ,West Bengal,26029,41879,1556.6,2658341.77,6767.54,1.385
983,Horse-gram,2001,Rabi       ,West Bengal,3681,3167,1556.6,375940.53,957.06,0.651111111
984,Jowar,2001,Kharif     ,West Bengal,1194,658,1556.6,121943.22,310.44,0.611428571
985,Jute,2001,Kharif     ,West Bengal,651814,8836168,1556.6,66569763.82,169471.64,15.42705882
986,Khesari,2001,Rabi       ,West Bengal,34665,28701,1556.6,3540336.45,9012.9,0.82625
987,Linseed,2001,Rabi       ,West Bengal,11334,4655,1556.6,1157541.42,2946.84,0.371428571
988,Maize,2001,Kharif     ,West Bengal,33288,86409,1556.6,3399703.44,8654.88,2.314285714
989,Masoor,2001,Rabi       ,West Bengal,71377,37422,1556.6,7289733.01,18558.02,0.574705882
990,Mesta,2001,Kharif     ,West Bengal,10632,91297,1556.6,1085846.16,2764.32,7.960833333
991,Moong(Green Gram),2001,Kharif     ,West Bengal,619,311,1556.6,63218.47,160.94,0.556666667
992,Moong(Green Gram),2001,Rabi       ,West Bengal,1814,998,1556.6,185263.82,471.64,0.569
993,Moong(Green Gram),2001,Summer     ,West Bengal,8468,4733,1556.6,864836.84,2201.68,0.549444444
994,Niger seed,2001,Kharif     ,West Bengal,6362,3229,1556.6,649751.06,1654.12,0.466666667
995,Other Kharif pulses,2001,Kharif     ,West Bengal,1593,865,1556.6,162693.09,414.18,0.605
996,Peas & beans (Pulses),2001,Rabi       ,West Bengal,8836,5602,1556.6,902420.68,2297.36,0.596666667
997,Potato,2001,Whole Year ,West Bengal,299821,7822363,1556.6,30620718.73,77953.46,21.95444444
